file,time,result
n5000_test79.csv,3.3231167E7,true
n100_test358.csv,199709.0,true
n10_test7.csv,140167.0,false
n100_test416.csv,14166.0,true
n100_test3.csv,16459.0,false
n50_test242.csv,3833.0,true
n5000_test51.csv,3.7026875E7,true
n100_test370.csv,12458.0,true
n10_test289.csv,1541.0,false
n100_test364.csv,14250.0,false
n5000_test45.csv,3.4335417E7,false
n50_test256.csv,6208.0,false
n5000_test398.csv,3.1193083E7,false
n100_test402.csv,12959.0,true
n5000_test373.csv,3.0793125E7,true
n1000_test448.csv,1271750.0,false
n5000_test415.csv,3.3799209E7,false
n10_test262.csv,1292.0,false
n10_test276.csv,1792.0,true
n5000_test401.csv,3.1524292E7,false
n5000_test367.csv,3.0267375E7,true
n50_test281.csv,2875.0,true
n1000_test474.csv,1543041.0,true
n1000_test312.csv,1436791.0,true
n5000_test429.csv,3.198E7,true
n5000_test92.csv,3.2081458E7,false
n5000_test86.csv,3.1771334E7,true
n1000_test306.csv,1387625.0,true
n1000_test460.csv,1465000.0,false
n50_test295.csv,2584.0,true
n500_test239.csv,401875.0,true
n500_test211.csv,433333.0,false
n100_test172.csv,10792.0,false
n500_test16.csv,1011959.0,true
n500_test205.csv,691166.0,false
n100_test166.csv,11542.0,true
n100_test22.csv,11417.0,false
n5000_test171.csv,3.224675E7,true
n5000_test165.csv,3.25515E7,false
n100_test36.csv,11125.0,false
n100_test199.csv,11500.0,false
n1000_test138.csv,2099084.0,true
n1000_test110.csv,1491042.0,true
n5000_test159.csv,3.8664917E7,false
n1000_test104.csv,3867375.0,true
n1000_test78.csv,1789167.0,false
n500_test359.csv,4.49001459E8,false
n50_test108.csv,2250.0,true
n50_test19.csv,2250.0,true
n500_test365.csv,404625.0,false
n1000_test44.csv,1326292.0,false
n50_test31.csv,2209.0,false
n50_test134.csv,3375.0,false
n500_test403.csv,423125.0,false
n500_test417.csv,436458.0,false
n50_test120.csv,2250.0,true
n50_test25.csv,2250.0,false
n1000_test50.csv,2850084.0,true
n500_test371.csv,473125.0,false
n10_test114.csv,416.0,true
n10_test100.csv,500.0,false
n1000_test87.csv,2063417.0,true
n10_test128.csv,334.0,true
n1000_test93.csv,1677041.0,true
n1000_test299.csv,1502667.0,true
n100_test238.csv,11333.0,false
n50_test478.csv,2417.0,false
n10_test99.csv,458.0,false
n50_test336.csv,4583.0,false
n50_test450.csv,2375.0,false
n100_test204.csv,11417.0,true
n500_test167.csv,816917.0,true
n100_test210.csv,11375.0,true
n500_test173.csv,452000.0,true
n50_test444.csv,2459.0,false
n50_test322.csv,2500.0,true
n5000_test207.csv,3.1038333E7,false
n10_test470.csv,292.0,false
n500_test198.csv,572708.0,true
n10_test316.csv,542.0,false
n10_test302.csv,375.0,true
n10_test464.csv,625.0,false
n5000_test213.csv,2.9465875E7,true
n1000_test500.csv,1315625.0,false
n10_test72.csv,375.0,true
n1000_test266.csv,1388750.0,true
n50_test493.csv,226834.0,false
n50_test487.csv,3375.0,false
n1000_test272.csv,1420250.0,false
n10_test458.csv,292.0,false
n10_test66.csv,500.0,false
n1000_test273.csv,1583791.0,false
n50_test486.csv,2291.0,true
n10_test67.csv,375.0,false
n10_test459.csv,333.0,true
n10_test73.csv,334.0,true
n50_test492.csv,2250.0,false
n1000_test267.csv,1353083.0,false
n10_test303.csv,333.0,false
n5000_test212.csv,4.2954792E7,true
n10_test465.csv,417.0,false
n10_test471.csv,292.0,true
n5000_test206.csv,3.066875E7,false
n10_test317.csv,333.0,true
n500_test199.csv,365916.0,true
n50_test445.csv,2209.0,false
n500_test172.csv,352125.0,true
n100_test211.csv,10708.0,true
n50_test323.csv,2333.0,true
n50_test337.csv,2500.0,true
n500_test166.csv,365417.0,false
n100_test205.csv,22292.0,false
n50_test451.csv,2375.0,true
n50_test479.csv,2333.0,false
n10_test98.csv,416.0,false
n100_test239.csv,10792.0,false
n1000_test298.csv,1461583.0,false
n1000_test92.csv,1498541.0,false
n10_test129.csv,500.0,false
n1000_test86.csv,1583000.0,false
n10_test101.csv,333.0,true
n10_test115.csv,292.0,false
n50_test121.csv,2333.0,true
n500_test416.csv,382250.0,true
n500_test370.csv,389667.0,false
n1000_test51.csv,1324125.0,false
n50_test24.csv,2458.0,false
n50_test30.csv,2625.0,false
n1000_test45.csv,1464292.0,false
n500_test364.csv,384208.0,true
n500_test402.csv,367625.0,true
n50_test135.csv,2375.0,false
n50_test18.csv,3917.0,false
n500_test358.csv,368834.0,true
n1000_test79.csv,1418834.0,true
n50_test109.csv,4334.0,true
n5000_test158.csv,3.0436583E7,false
n1000_test105.csv,1347333.0,true
n1000_test111.csv,1549250.0,false
n5000_test164.csv,3.1030042E7,true
n1000_test139.csv,1857333.0,false
n100_test198.csv,11458.0,false
n100_test37.csv,11250.0,true
n100_test23.csv,11292.0,true
n5000_test170.csv,3.6865417E7,true
n500_test17.csv,444000.0,true
n100_test167.csv,11834.0,true
n500_test204.csv,456583.0,false
n100_test173.csv,11417.0,true
n500_test210.csv,437500.0,true
n500_test238.csv,604625.0,true
n1000_test307.csv,1563791.0,true
n5000_test87.csv,6.3867125E7,false
n50_test294.csv,4416.0,true
n1000_test461.csv,1516917.0,true
n1000_test475.csv,1392292.0,false
n50_test280.csv,2209.0,false
n5000_test93.csv,3.0453417E7,true
n5000_test428.csv,3.2002041E7,false
n1000_test313.csv,1299208.0,false
n5000_test400.csv,3.2148542E7,false
n10_test277.csv,417.0,true
n5000_test366.csv,3.0723291E7,true
n1000_test449.csv,1366917.0,false
n5000_test372.csv,3.2194625E7,true
n10_test263.csv,334.0,true
n5000_test414.csv,3.190175E7,false
n5000_test44.csv,3.0947209E7,false
n100_test365.csv,10709.0,true
n10_test288.csv,334.0,true
n100_test403.csv,11291.0,false
n5000_test399.csv,3.1393042E7,false
n50_test257.csv,2375.0,false
n50_test243.csv,2292.0,false
n100_test2.csv,11250.0,false
n100_test417.csv,11333.0,true
n100_test371.csv,11458.0,true
n5000_test50.csv,3.1049417E7,false
n10_test6.csv,459.0,true
n100_test359.csv,10792.0,true
n5000_test78.csv,3.1717417E7,false
n50_test269.csv,4375.0,false
n10_test4.csv,3667.0,false
n1000_test488.csv,1379792.0,false
n100_test429.csv,11167.0,false
n50_test255.csv,2292.0,true
n100_test401.csv,11333.0,true
n100_test367.csv,11250.0,false
n5000_test46.csv,3.4830291E7,false
n5000_test52.csv,3.2188583E7,false
n100_test373.csv,10833.0,true
n100_test415.csv,10750.0,true
n50_test241.csv,2333.0,true
n5000_test364.csv,3.1639125E7,true
n1000_test339.csv,1269166.0,false
n10_test275.csv,292.0,false
n100_test398.csv,10792.0,false
n5000_test402.csv,3.1477333E7,true
n5000_test416.csv,3.1961042E7,true
n10_test261.csv,3584.0,false
n5000_test370.csv,2.9643709E7,false
n5000_test358.csv,3.1528042E7,false
n1000_test463.csv,1306500.0,false
n50_test296.csv,2792.0,true
n5000_test85.csv,3.2808375E7,false
n1000_test305.csv,1317125.0,true
n10_test249.csv,333.0,false
n1000_test311.csv,1373208.0,true
n5000_test91.csv,3.1481375E7,false
n50_test282.csv,2625.0,true
n1000_test477.csv,1633958.0,true
n100_test159.csv,11083.0,true
n500_test29.csv,435042.0,true
n100_test165.csv,11125.0,false
n500_test206.csv,386333.0,true
n5000_test199.csv,3.0652917E7,false
n500_test15.csv,373000.0,false
n100_test171.csv,10458.0,false
n500_test212.csv,383958.0,false
n100_test35.csv,10417.0,true
n5000_test166.csv,3.0774959E7,true
n5000_test172.csv,3.0918709E7,false
n100_test21.csv,10792.0,false
n1000_test107.csv,1429958.0,false
n1000_test113.csv,1420417.0,true
n500_test428.csv,417666.0,false
n50_test26.csv,2167.0,false
n1000_test53.csv,1377958.0,false
n500_test372.csv,443250.0,true
n500_test414.csv,396291.0,false
n50_test123.csv,2375.0,true
n50_test137.csv,4458.0,true
n500_test400.csv,401042.0,true
n500_test366.csv,350958.0,false
n1000_test47.csv,1254334.0,false
n50_test32.csv,2208.0,false
n10_test103.csv,3291.0,false
n500_test399.csv,366833.0,false
n10_test117.csv,375.0,false
n1000_test90.csv,1486875.0,false
n1000_test84.csv,1427583.0,false
n500_test158.csv,411958.0,true
n50_test309.csv,2334.0,true
n50_test321.csv,2250.0,false
n10_test498.csv,3250.0,false
n500_test170.csv,414458.0,true
n100_test213.csv,10458.0,true
n50_test447.csv,2125.0,true
n50_test453.csv,2250.0,true
n500_test164.csv,381292.0,true
n100_test207.csv,11083.0,true
n50_test335.csv,2250.0,false
n10_test467.csv,250.0,true
n5000_test210.csv,3.414525E7,false
n10_test59.csv,708.0,false
n10_test301.csv,250.0,false
n10_test315.csv,292.0,false
n1000_test259.csv,1704750.0,false
n5000_test204.csv,3.0807834E7,true
n10_test473.csv,208.0,false
n10_test65.csv,292.0,true
n50_test484.csv,2084.0,false
n1000_test271.csv,1827125.0,false
n10_test329.csv,333.0,false
n1000_test265.csv,1443584.0,false
n50_test490.csv,2250.0,true
n5000_test238.csv,3.1900958E7,false
n10_test71.csv,291.0,false
n50_test491.csv,2209.0,true
n1000_test264.csv,1477667.0,false
n10_test328.csv,2958.0,false
n10_test70.csv,458.0,true
n5000_test239.csv,3.2225875E7,false
n10_test64.csv,417.0,false
n1000_test270.csv,1350958.0,true
n50_test485.csv,2291.0,false
n1000_test258.csv,1406375.0,false
n10_test314.csv,333.0,true
n10_test472.csv,292.0,true
n5000_test205.csv,3.7802167E7,true
n10_test58.csv,250.0,false
n5000_test211.csv,3.8994541E7,true
n10_test466.csv,375.0,true
n10_test300.csv,3000.0,false
n100_test206.csv,11083.0,true
n500_test165.csv,384500.0,true
n50_test452.csv,2333.0,false
n50_test334.csv,2250.0,true
n10_test499.csv,458.0,true
n50_test320.csv,2208.0,true
n50_test446.csv,2459.0,true
n100_test212.csv,32042.0,false
n500_test171.csv,373167.0,false
n500_test159.csv,359291.0,true
n50_test308.csv,2250.0,true
n1000_test85.csv,1257291.0,false
n1000_test91.csv,1575083.0,false
n10_test116.csv,209.0,true
n500_test398.csv,449334.0,false
n10_test102.csv,291.0,true
n500_test401.csv,924291.0,true
n50_test136.csv,2292.0,true
n50_test33.csv,4125.0,false
n1000_test46.csv,1426958.0,true
n500_test367.csv,421500.0,false
n500_test373.csv,389250.0,false
n1000_test52.csv,2568917.0,false
n50_test27.csv,2125.0,true
n50_test122.csv,223084.0,false
n500_test415.csv,418500.0,true
n500_test429.csv,397125.0,true
n1000_test112.csv,2630709.0,false
n1000_test106.csv,1452625.0,true
n5000_test173.csv,3.0978666E7,true
n100_test20.csv,10750.0,false
n100_test34.csv,10709.0,false
n5000_test167.csv,3.1381084E7,true
n500_test213.csv,526916.0,false
n100_test170.csv,22125.0,false
n500_test207.csv,420125.0,true
n100_test164.csv,11084.0,false
n500_test14.csv,488875.0,true
n5000_test198.csv,3.5210917E7,true
n100_test158.csv,11125.0,false
n500_test28.csv,486708.0,true
n5000_test90.csv,3.4474083E7,false
n1000_test310.csv,1654375.0,true
n1000_test476.csv,1651750.0,false
n50_test283.csv,2250.0,true
n50_test297.csv,2292.0,false
n1000_test462.csv,1470166.0,false
n5000_test359.csv,3.4686792E7,true
n10_test248.csv,209.0,false
n1000_test304.csv,1836166.0,false
n5000_test84.csv,3.1602E7,true
n10_test260.csv,292.0,false
n5000_test417.csv,3.0354792E7,false
n5000_test371.csv,3.1492875E7,false
n5000_test365.csv,3.1651709E7,false
n5000_test403.csv,3.1665292E7,false
n100_test399.csv,10666.0,false
n10_test274.csv,250.0,false
n1000_test338.csv,1315791.0,false
n100_test372.csv,10667.0,false
n5000_test53.csv,3.2092333E7,false
n50_test240.csv,2125.0,true
n100_test1.csv,10709.0,true
n100_test414.csv,21375.0,true
n100_test400.csv,10666.0,false
n50_test254.csv,2500.0,false
n5000_test47.csv,3.2427292E7,false
n100_test366.csv,21458.0,false
n100_test428.csv,11167.0,true
n1000_test489.csv,1509166.0,true
n50_test268.csv,2875.0,true
n10_test5.csv,333.0,false
n100_test362.csv,11209.0,true
n5000_test43.csv,3.1080875E7,false
n50_test250.csv,2166.0,true
n100_test404.csv,13291.0,true
n100_test410.csv,10875.0,true
n100_test5.csv,11292.0,true
n50_test244.csv,5625.0,false
n5000_test57.csv,6.4660583E7,false
n100_test376.csv,10709.0,false
n10_test1.csv,500.0,false
n1000_test499.csv,1709125.0,true
n100_test438.csv,11417.0,true
n50_test278.csv,2250.0,false
n5000_test80.csv,3.0686292E7,false
n1000_test300.csv,1573916.0,false
n1000_test466.csv,1386042.0,false
n50_test293.csv,2167.0,true
n50_test287.csv,2125.0,false
n5000_test349.csv,3.1165625E7,false
n1000_test472.csv,1321875.0,true
n1000_test314.csv,1350959.0,true
n10_test258.csv,334.0,true
n5000_test94.csv,3.1779917E7,true
n10_test270.csv,417.0,true
n5000_test407.csv,3.3697167E7,false
n5000_test361.csv,3.1095542E7,false
n5000_test375.csv,3.2033625E7,false
n1000_test328.csv,1368416.0,true
n5000_test413.csv,3.2642792E7,true
n100_test389.csv,10750.0,false
n10_test264.csv,291.0,true
n500_test10.csv,359583.0,false
n100_test160.csv,10667.0,true
n500_test203.csv,398291.0,false
n100_test174.csv,11083.0,true
n500_test217.csv,395750.0,false
n5000_test188.csv,2.9622208E7,true
n100_test148.csv,10833.0,true
n500_test38.csv,414792.0,true
n1000_test102.csv,1553250.0,false
n100_test18.csv,10708.0,false
n1000_test116.csv,1950750.0,true
n5000_test163.csv,3.0455334E7,true
n100_test30.csv,10792.0,true
n100_test24.csv,10667.0,true
n5000_test177.csv,6.106075E7,true
n500_test411.csv,458667.0,true
n50_test126.csv,2166.0,true
n50_test23.csv,2125.0,false
n1000_test56.csv,1272375.0,false
n500_test377.csv,403208.0,false
n500_test363.csv,408083.0,true
n1000_test42.csv,1278250.0,true
n50_test37.csv,2166.0,true
n50_test132.csv,2125.0,true
n500_test405.csv,391041.0,false
n500_test439.csv,381125.0,false
n1000_test95.csv,1589500.0,true
n1000_test81.csv,1567375.0,true
n500_test388.csv,875958.0,true
n10_test106.csv,208.0,false
n10_test112.csv,375.0,true
n500_test175.csv,403500.0,false
n100_test216.csv,10458.0,true
n50_test442.csv,2167.0,false
n50_test324.csv,2083.0,false
n10_test489.csv,334.0,true
n50_test330.csv,2209.0,false
n50_test456.csv,2083.0,false
n500_test161.csv,423833.0,false
n100_test202.csv,10709.0,true
n500_test149.csv,513500.0,false
n50_test318.csv,4292.0,false
n50_test481.csv,2167.0,true
n10_test338.csv,250.0,true
n1000_test274.csv,1382542.0,false
n10_test60.csv,291.0,false
n5000_test229.csv,3.7231375E7,true
n10_test74.csv,291.0,false
n1000_test260.csv,1263125.0,true
n50_test495.csv,2250.0,false
n10_test304.csv,542.0,true
n1000_test248.csv,1358125.0,false
n10_test462.csv,3250.0,false
n5000_test215.csv,3.13855E7,true
n10_test48.csv,167.0,false
n5000_test201.csv,3.1711166E7,true
n10_test476.csv,250.0,false
n10_test310.csv,3500.0,false
n10_test477.csv,166.0,false
n5000_test200.csv,3.0854791E7,false
n10_test49.csv,250.0,true
n10_test311.csv,8791.0,false
n1000_test249.csv,1342042.0,true
n10_test305.csv,291.0,true
n5000_test214.csv,3.053325E7,false
n10_test463.csv,334.0,false
n10_test75.csv,250.0,true
n50_test494.csv,2125.0,false
n1000_test261.csv,1521250.0,false
n1000_test275.csv,1467791.0,false
n10_test339.csv,375.0,true
n50_test480.csv,2083.0,true
n5000_test228.csv,3.179E7,false
n10_test61.csv,208.0,true
n500_test148.csv,368292.0,true
n50_test319.csv,2125.0,true
n50_test331.csv,4167.0,false
n10_test488.csv,250.0,true
n100_test203.csv,20791.0,false
n500_test160.csv,376750.0,true
n50_test457.csv,2250.0,true
n50_test443.csv,2209.0,true
n100_test217.csv,10667.0,false
n500_test174.csv,445584.0,true
n50_test325.csv,2292.0,true
n10_test113.csv,292.0,false
n10_test107.csv,375.0,true
n500_test389.csv,399834.0,false
n1000_test80.csv,1344083.0,true
n1000_test94.csv,1472792.0,false
n500_test438.csv,417416.0,false
n50_test36.csv,2208.0,false
n1000_test43.csv,1489583.0,false
n500_test362.csv,462042.0,true
n500_test404.csv,365333.0,true
n50_test133.csv,2250.0,true
n50_test127.csv,2166.0,true
n500_test410.csv,4.65718583E8,false
n500_test376.csv,396459.0,true
n1000_test57.csv,1413875.0,true
n50_test22.csv,2125.0,false
n100_test25.csv,11125.0,true
n5000_test176.csv,3.1679375E7,true
n5000_test162.csv,3.0692958E7,true
n100_test31.csv,10750.0,false
n1000_test117.csv,1318042.0,false
n100_test19.csv,11125.0,false
n1000_test103.csv,2546500.0,true
n100_test149.csv,10667.0,true
n500_test39.csv,440709.0,true
n500_test216.csv,402208.0,true
n100_test175.csv,11000.0,true
n5000_test189.csv,3.6555E7,true
n500_test11.csv,441083.0,true
n500_test202.csv,433334.0,true
n100_test161.csv,10791.0,true
n5000_test374.csv,2.9469875E7,false
n10_test265.csv,208.0,false
n100_test388.csv,21375.0,true
n5000_test412.csv,2.9547791E7,true
n1000_test329.csv,1351709.0,true
n5000_test406.csv,3.5434125E7,false
n10_test271.csv,459.0,true
n5000_test360.csv,3.4698834E7,false
n1000_test473.csv,1765500.0,false
n5000_test348.csv,3.0177791E7,false
n50_test286.csv,2167.0,false
n5000_test95.csv,3.1539584E7,false
n10_test259.csv,250.0,false
n1000_test315.csv,1475375.0,true
n1000_test301.csv,1653792.0,false
n5000_test81.csv,3.2210084E7,false
n50_test292.csv,2209.0,true
n1000_test467.csv,1579542.0,true
n50_test279.csv,2167.0,true
n100_test439.csv,10916.0,true
n1000_test498.csv,1574292.0,false
n50_test245.csv,206667.0,false
n100_test4.csv,10750.0,false
n100_test411.csv,22167.0,true
n100_test377.csv,11084.0,false
n5000_test56.csv,4.1390875E7,false
n5000_test42.csv,3.5812542E7,false
n100_test363.csv,10709.0,false
n100_test405.csv,11334.0,true
n50_test251.csv,2292.0,true
n5000_test54.csv,3.3363792E7,false
n100_test375.csv,10708.0,true
n10_test298.csv,459.0,false
n100_test413.csv,10708.0,false
n5000_test389.csv,3.1816041E7,false
n100_test6.csv,10750.0,true
n50_test247.csv,209416.0,false
n50_test253.csv,2125.0,true
n100_test407.csv,10375.0,false
n100_test361.csv,10333.0,true
n5000_test40.csv,3.6596209E7,false
n100_test349.csv,23958.0,false
n5000_test68.csv,3.1176292E7,true
n10_test2.csv,500.0,true
n1000_test317.csv,1339333.0,false
n5000_test97.csv,3.1159834E7,false
n50_test284.csv,2208.0,false
n1000_test471.csv,1422500.0,false
n1000_test465.csv,1499208.0,true
n50_test290.csv,2250.0,true
n5000_test83.csv,3.0765042E7,false
n1000_test303.csv,1341458.0,true
n5000_test438.csv,3.7414209E7,false
n5000_test410.csv,3.188075E7,false
n10_test267.csv,250.0,true
n5000_test376.csv,3.6467208E7,false
n5000_test362.csv,3.2339792E7,false
n1000_test459.csv,1384458.0,true
n10_test273.csv,291.0,true
n5000_test404.csv,4.3742583E7,true
n500_test214.csv,914209.0,true
n100_test177.csv,11542.0,true
n500_test200.csv,455000.0,true
n100_test163.csv,11875.0,true
n500_test13.csv,522000.0,true
n500_test228.csv,462584.0,true
n5000_test148.csv,3.1109083E7,false
n1000_test115.csv,1312417.0,false
n1000_test101.csv,2.2412625E7,true
n5000_test174.csv,3.319825E7,false
n100_test188.csv,10833.0,false
n1000_test129.csv,1465583.0,true
n100_test27.csv,10667.0,true
n100_test33.csv,10667.0,true
n5000_test160.csv,3.1939375E7,false
n50_test131.csv,2167.0,false
n500_test406.csv,501875.0,true
n500_test360.csv,873750.0,true
n1000_test41.csv,1609667.0,false
n50_test34.csv,2250.0,false
n50_test20.csv,2209.0,false
n1000_test55.csv,2661416.0,false
n500_test374.csv,459000.0,false
n500_test412.csv,364083.0,true
n50_test125.csv,2291.0,false
n500_test348.csv,381750.0,false
n1000_test69.csv,1316625.0,true
n50_test119.csv,2166.0,false
n1000_test82.csv,1291500.0,false
n10_test139.csv,250.0,true
n1000_test96.csv,2970250.0,true
n10_test111.csv,3042.0,false
n10_test105.csv,292.0,true
n50_test455.csv,2125.0,false
n100_test201.csv,21625.0,true
n500_test162.csv,415917.0,true
n50_test333.csv,2250.0,false
n50_test327.csv,2250.0,true
n100_test215.csv,22625.0,true
n500_test176.csv,359916.0,false
n50_test441.csv,2250.0,true
n50_test469.csv,2291.0,false
n10_test88.csv,250.0,false
n1000_test288.csv,1418916.0,false
n100_test229.csv,10791.0,false
n1000_test263.csv,1409708.0,true
n50_test496.csv,2167.0,false
n10_test77.csv,541.0,true
n10_test449.csv,709.0,false
n10_test63.csv,3916.0,false
n50_test482.csv,2208.0,false
n1000_test277.csv,1378333.0,false
n10_test313.csv,292.0,true
n5000_test202.csv,2.9734208E7,false
n10_test475.csv,250.0,false
n10_test461.csv,375.0,true
n5000_test216.csv,3.1473708E7,false
n500_test189.csv,401458.0,true
n10_test307.csv,375.0,false
n5000_test217.csv,3.1642667E7,true
n10_test460.csv,333.0,false
n10_test306.csv,500.0,false
n500_test188.csv,410291.0,false
n10_test312.csv,459.0,true
n10_test474.csv,292.0,true
n5000_test203.csv,3.2007666E7,true
n10_test62.csv,417.0,false
n1000_test276.csv,1331125.0,false
n50_test483.csv,2125.0,false
n50_test497.csv,2125.0,false
n1000_test262.csv,1443000.0,true
n10_test448.csv,250.0,false
n10_test76.csv,3750.0,false
n100_test228.csv,10500.0,false
n1000_test289.csv,1346542.0,false
n50_test468.csv,2291.0,true
n10_test89.csv,209.0,false
n50_test326.csv,4541.0,true
n50_test440.csv,2167.0,false
n500_test177.csv,396209.0,false
n100_test214.csv,10417.0,true
n500_test163.csv,407583.0,false
n100_test200.csv,10667.0,false
n50_test454.csv,2375.0,false
n50_test332.csv,2208.0,false
n10_test104.csv,292.0,false
n10_test110.csv,375.0,false
n1000_test97.csv,1233708.0,true
n10_test138.csv,292.0,true
n1000_test83.csv,1330417.0,true
n1000_test68.csv,1564834.0,false
n500_test349.csv,599292.0,true
n50_test118.csv,2417.0,false
n500_test375.csv,637167.0,true
n1000_test54.csv,2285458.0,false
n50_test21.csv,2250.0,true
n50_test124.csv,2166.0,true
n500_test413.csv,358875.0,false
n500_test407.csv,460666.0,true
n50_test130.csv,2250.0,true
n50_test35.csv,2208.0,true
n1000_test40.csv,1289584.0,false
n500_test361.csv,390958.0,false
n100_test32.csv,11125.0,false
n5000_test161.csv,3.2045542E7,false
n5000_test175.csv,3.2344334E7,true
n100_test26.csv,11833.0,true
n1000_test128.csv,3001916.0,false
n100_test189.csv,10750.0,false
n1000_test100.csv,1318875.0,true
n5000_test149.csv,3.1639875E7,true
n1000_test114.csv,1321417.0,true
n500_test229.csv,405209.0,true
n100_test162.csv,10750.0,false
n500_test201.csv,515459.0,true
n500_test12.csv,385875.0,false
n100_test176.csv,11500.0,true
n500_test215.csv,561875.0,true
n1000_test458.csv,1498125.0,true
n5000_test363.csv,3.2058917E7,true
n5000_test405.csv,3.4515083E7,false
n10_test272.csv,291.0,false
n10_test266.csv,375.0,true
n5000_test411.csv,3.1910416E7,false
n5000_test377.csv,3.1467583E7,true
n10_test500.csv,292.0,true
n50_test291.csv,2125.0,false
n1000_test464.csv,1430292.0,true
n5000_test439.csv,3.1684333E7,false
n1000_test302.csv,1575375.0,true
n5000_test82.csv,3.2132E7,true
n5000_test96.csv,3.0563125E7,false
n1000_test316.csv,1522042.0,true
n1000_test470.csv,1431708.0,false
n50_test285.csv,2125.0,false
n10_test3.csv,458.0,true
n5000_test69.csv,3.0524083E7,false
n100_test348.csv,10708.0,true
n100_test406.csv,10667.0,true
n50_test252.csv,2125.0,true
n5000_test41.csv,3.1403625E7,false
n100_test360.csv,10666.0,true
n10_test299.csv,333.0,false
n100_test374.csv,10666.0,true
n5000_test55.csv,3.07445E7,false
n50_test246.csv,2125.0,false
n100_test7.csv,10709.0,false
n5000_test388.csv,3.1809542E7,true
n100_test412.csv,12958.0,false
n100_test449.csv,10916.0,false
n50_test209.csv,2125.0,true
n5000_test489.csv,3.8137917E7,true
n100_test313.csv,11084.0,false
n5000_test32.csv,3.1522209E7,false
n50_test221.csv,2166.0,false
n100_test475.csv,10792.0,true
n100_test461.csv,10708.0,false
n50_test235.csv,4208.0,true
n5000_test26.csv,3.110675E7,false
n100_test307.csv,10667.0,false
n10_test201.csv,333.0,false
n5000_test476.csv,3.2256E7,false
n5000_test310.csv,3.1283625E7,true
n5000_test304.csv,3.1792375E7,false
n1000_test359.csv,1910291.0,false
n5000_test462.csv,3.1766375E7,false
n10_test215.csv,292.0,true
n1000_test371.csv,1418500.0,true
n1000_test417.csv,1393625.0,false
n5000_test338.csv,3.6106958E7,true
n1000_test403.csv,1663625.0,false
n1000_test365.csv,2546625.0,false
n10_test229.csv,250.0,false
n100_test82.csv,11208.0,false
n100_test96.csv,11500.0,true
n1000_test198.csv,2657625.0,true
n100_test139.csv,11166.0,true
n500_test49.csv,633792.0,true
n500_test61.csv,673083.0,false
n100_test111.csv,11250.0,false
n500_test272.csv,527917.0,true
n100_test105.csv,11083.0,false
n500_test266.csv,459292.0,true
n500_test500.csv,425083.0,false
n500_test75.csv,371875.0,true
n5000_test112.csv,3.1269209E7,false
n100_test41.csv,10792.0,true
n500_test299.csv,402125.0,false
n100_test55.csv,11125.0,true
n5000_test106.csv,3.1261417E7,true
n1000_test173.csv,1373042.0,false
n100_test69.csv,10416.0,true
n1000_test167.csv,1454791.0,true
n500_test448.csv,464917.0,true
n500_test460.csv,417542.0,false
n50_test157.csv,2292.0,true
n50_test52.csv,2250.0,false
n1000_test27.csv,1381125.0,true
n10_test188.csv,208.0,true
n500_test306.csv,414375.0,true
n500_test312.csv,411875.0,true
n1000_test33.csv,1546125.0,false
n50_test46.csv,2125.0,true
n50_test143.csv,2208.0,false
n500_test474.csv,387459.0,true
n10_test177.csv,291.0,false
n10_test163.csv,375.0,true
n50_test194.csv,4416.0,false
n50_test91.csv,2209.0,true
n50_test85.csv,2209.0,false
n50_test180.csv,2208.0,false
n5000_test4.csv,3.4432417E7,false
n500_test138.csv,397125.0,false
n50_test369.csv,2250.0,false
n500_test104.csv,446750.0,true
n100_test267.csv,10459.0,true
n50_test433.csv,2125.0,true
n50_test355.csv,2084.0,false
n50_test341.csv,2083.0,true
n50_test427.csv,2083.0,false
n500_test110.csv,397833.0,true
n100_test273.csv,11083.0,false
n100_test298.csv,10584.0,false
n10_test375.csv,3666.0,false
n1000_test239.csv,1567666.0,true
n10_test413.csv,209.0,false
n5000_test264.csv,3.15465E7,true
n5000_test270.csv,3.1053708E7,false
n10_test407.csv,6666.0,false
n10_test39.csv,292.0,false
n10_test361.csv,209.0,false
n10_test349.csv,250.0,true
n1000_test205.csv,1317166.0,false
n5000_test258.csv,3.0673792E7,true
n10_test11.csv,459.0,true
n50_test396.csv,2208.0,false
n50_test382.csv,2125.0,false
n1000_test211.csv,1614875.0,true
n50_test383.csv,2458.0,true
n1000_test210.csv,2869708.0,false
n1000_test204.csv,1816208.0,false
n10_test348.csv,291.0,true
n50_test397.csv,2250.0,true
n10_test10.csv,250.0,false
n5000_test259.csv,3.2742291E7,false
n10_test38.csv,292.0,false
n10_test406.csv,3500.0,false
n5000_test271.csv,3.2870708E7,true
n10_test360.csv,500.0,true
n1000_test238.csv,1328708.0,false
n10_test374.csv,3959.0,false
n100_test299.csv,10709.0,true
n5000_test265.csv,3.1428584E7,true
n10_test412.csv,416.0,false
n50_test340.csv,2125.0,false
n100_test272.csv,10625.0,true
n500_test111.csv,442834.0,true
n50_test426.csv,4208.0,true
n50_test432.csv,2291.0,false
n100_test266.csv,10459.0,false
n500_test105.csv,432792.0,false
n100_test500.csv,10375.0,false
n50_test354.csv,2125.0,false
n500_test139.csv,419042.0,false
n50_test368.csv,2334.0,false
n50_test84.csv,2083.0,false
n5000_test5.csv,3.1885125E7,false
n50_test181.csv,2125.0,true
n50_test195.csv,2125.0,true
n50_test90.csv,2125.0,true
n10_test162.csv,209.0,true
n10_test176.csv,250.0,true
n50_test47.csv,2875.0,false
n1000_test32.csv,1358917.0,false
n500_test313.csv,395209.0,false
n500_test475.csv,386958.0,true
n50_test142.csv,2208.0,true
n50_test156.csv,2166.0,true
n500_test461.csv,392750.0,false
n500_test307.csv,420958.0,true
n10_test189.csv,375.0,true
n1000_test26.csv,1526917.0,true
n50_test53.csv,2250.0,true
n500_test449.csv,439875.0,false
n1000_test166.csv,1740458.0,false
n100_test68.csv,11958.0,false
n1000_test172.csv,1826166.0,false
n100_test54.csv,11166.0,false
n500_test298.csv,429084.0,true
n5000_test107.csv,3.0519541E7,false
n5000_test113.csv,3.2208833E7,true
n100_test40.csv,10625.0,true
n500_test267.csv,380917.0,true
n100_test104.csv,11042.0,false
n500_test74.csv,386042.0,false
n500_test60.csv,383500.0,true
n500_test273.csv,513666.0,true
n100_test110.csv,10666.0,false
n100_test138.csv,10667.0,true
n1000_test199.csv,1274334.0,true
n100_test97.csv,10375.0,true
n500_test48.csv,435166.0,true
n100_test83.csv,11208.0,false
n1000_test402.csv,1448250.0,false
n5000_test339.csv,3.3879834E7,false
n10_test228.csv,250.0,true
n1000_test364.csv,1730666.0,true
n1000_test370.csv,1496583.0,false
n1000_test416.csv,1378375.0,false
n5000_test305.csv,3.6145208E7,true
n10_test214.csv,333.0,false
n5000_test463.csv,3.195275E7,false
n1000_test358.csv,1279333.0,false
n5000_test477.csv,3.0829417E7,false
n10_test200.csv,292.0,true
n5000_test311.csv,3.6771042E7,false
n50_test234.csv,2375.0,false
n100_test460.csv,11084.0,false
n100_test306.csv,11208.0,true
n5000_test27.csv,3.6463708E7,false
n5000_test33.csv,2.9716042E7,true
n100_test312.csv,10750.0,false
n5000_test488.csv,3.2556625E7,true
n100_test474.csv,10875.0,true
n50_test220.csv,2125.0,true
n50_test208.csv,2166.0,false
n100_test448.csv,10667.0,false
n100_test338.csv,10708.0,false
n1000_test399.csv,1691625.0,false
n5000_test19.csv,3.1055875E7,true
n5000_test25.csv,3.81365E7,true
n100_test304.csv,22583.0,true
n100_test462.csv,11334.0,true
n50_test236.csv,2209.0,true
n50_test222.csv,2167.0,false
n100_test476.csv,11250.0,true
n100_test310.csv,11417.0,false
n5000_test31.csv,3.179475E7,false
n5000_test461.csv,3.1812125E7,true
n10_test216.csv,3666.0,false
n5000_test307.csv,3.0990959E7,true
n100_test489.csv,10709.0,true
n5000_test313.csv,4.1408042E7,true
n1000_test428.csv,1435708.0,true
n10_test202.csv,292.0,false
n5000_test475.csv,3.1263458E7,false
n1000_test366.csv,1300292.0,true
n1000_test400.csv,1517541.0,true
n1000_test414.csv,1434459.0,true
n1000_test372.csv,1512584.0,true
n5000_test449.csv,3.1210292E7,false
n100_test95.csv,10666.0,true
n500_test259.csv,407416.0,true
n100_test81.csv,10708.0,false
n500_test76.csv,373875.0,false
n500_test265.csv,407000.0,false
n100_test106.csv,10625.0,true
n500_test271.csv,438833.0,false
n100_test112.csv,11084.0,true
n500_test62.csv,383875.0,false
n500_test89.csv,374042.0,false
n5000_test105.csv,3.1385375E7,false
n500_test8.csv,370417.0,false
n1000_test158.csv,1457583.0,true
n100_test56.csv,10708.0,false
n100_test42.csv,10708.0,false
n5000_test111.csv,3.8047708E7,true
n5000_test139.csv,3.2373709E7,false
n1000_test164.csv,1319000.0,false
n1000_test170.csv,1273167.0,true
n50_test79.csv,2166.0,true
n500_test339.csv,371875.0,false
n1000_test18.csv,1344542.0,true
n50_test168.csv,2208.0,false
n50_test140.csv,2167.0,false
n500_test477.csv,385458.0,true
n500_test311.csv,353958.0,false
n1000_test30.csv,1250666.0,false
n50_test45.csv,2167.0,true
n50_test51.csv,2125.0,false
n1000_test24.csv,1289875.0,true
n500_test305.csv,427958.0,false
n500_test463.csv,349792.0,true
n50_test154.csv,4417.0,false
n500_test488.csv,424167.0,true
n10_test160.csv,500.0,false
n10_test174.csv,375.0,false
n50_test183.csv,4208.0,false
n5000_test7.csv,3.1465917E7,true
n50_test86.csv,2209.0,true
n10_test148.csv,417.0,false
n50_test92.csv,2125.0,true
n50_test197.csv,2125.0,true
n50_test418.csv,2125.0,true
n100_test258.csv,10708.0,true
n50_test424.csv,2167.0,false
n100_test270.csv,11542.0,false
n500_test113.csv,434375.0,true
n50_test342.csv,2250.0,true
n50_test356.csv,2292.0,true
n5000_test298.csv,3.0388541E7,false
n100_test264.csv,10709.0,true
n10_test389.csv,292.0,false
n500_test107.csv,384333.0,true
n50_test430.csv,2292.0,true
n10_test362.csv,3542.0,false
n5000_test273.csv,3.5482375E7,false
n10_test404.csv,3542.0,false
n10_test410.csv,292.0,true
n5000_test267.csv,3.16305E7,true
n10_test376.csv,292.0,true
n1000_test212.csv,1571166.0,true
n50_test381.csv,2166.0,true
n10_test438.csv,250.0,true
n10_test12.csv,209.0,true
n50_test395.csv,2250.0,false
n1000_test206.csv,1241750.0,false
n50_test394.csv,4250.0,false
n10_test13.csv,3667.0,false
n1000_test207.csv,1234625.0,false
n1000_test213.csv,1341041.0,false
n10_test439.csv,334.0,true
n50_test380.csv,2333.0,false
n5000_test266.csv,2.9726958E7,false
n10_test411.csv,333.0,false
n10_test377.csv,458.0,true
n5000_test500.csv,3.8666917E7,false
n10_test363.csv,3250.0,false
n10_test405.csv,542.0,false
n5000_test272.csv,3.195775E7,false
n5000_test299.csv,3.292725E7,true
n50_test357.csv,2250.0,true
n50_test431.csv,2084.0,false
n500_test106.csv,388708.0,false
n10_test388.csv,250.0,true
n100_test265.csv,10459.0,false
n500_test112.csv,395709.0,false
n100_test271.csv,11125.0,false
n50_test425.csv,2250.0,true
n50_test343.csv,4459.0,true
n100_test259.csv,11167.0,true
n50_test419.csv,2458.0,true
n50_test93.csv,2291.0,true
n10_test149.csv,167.0,false
n50_test196.csv,2209.0,false
n5000_test6.csv,2.9646167E7,true
n50_test182.csv,2167.0,true
n50_test87.csv,2125.0,false
n10_test175.csv,167.0,false
n500_test489.csv,362750.0,true
n10_test161.csv,292.0,false
n500_test304.csv,436166.0,true
n1000_test25.csv,1343209.0,false
n50_test50.csv,2166.0,true
n50_test155.csv,2084.0,true
n500_test462.csv,355083.0,false
n500_test476.csv,378333.0,true
n50_test141.csv,2250.0,false
n50_test44.csv,2334.0,true
n1000_test31.csv,1274875.0,false
n500_test310.csv,376666.0,false
n1000_test19.csv,1307750.0,true
n500_test338.csv,428209.0,false
n50_test169.csv,2083.0,false
n50_test78.csv,2125.0,true
n1000_test171.csv,1491500.0,false
n5000_test138.csv,3.1387292E7,true
n1000_test165.csv,1328583.0,true
n100_test43.csv,10750.0,true
n5000_test110.csv,3.1865334E7,true
n5000_test104.csv,3.2397583E7,false
n500_test88.csv,375292.0,true
n100_test57.csv,10792.0,false
n1000_test159.csv,1319167.0,false
n500_test9.csv,353166.0,false
n100_test113.csv,11125.0,true
n500_test270.csv,433167.0,false
n500_test63.csv,396958.0,true
n500_test77.csv,416084.0,false
n100_test107.csv,11042.0,false
n500_test264.csv,434791.0,true
n100_test80.csv,11084.0,false
n500_test258.csv,401083.0,true
n100_test94.csv,11084.0,true
n1000_test415.csv,1397833.0,true
n5000_test448.csv,3.2225708E7,true
n1000_test373.csv,1235583.0,false
n1000_test367.csv,1468916.0,true
n1000_test401.csv,1486417.0,true
n1000_test429.csv,1397250.0,false
n5000_test312.csv,3.0208916E7,false
n100_test488.csv,10875.0,true
n5000_test474.csv,3.1937583E7,false
n10_test203.csv,292.0,false
n10_test217.csv,3167.0,false
n5000_test460.csv,3.1902916E7,false
n5000_test306.csv,4.1749667E7,false
n100_test477.csv,11333.0,false
n50_test223.csv,2500.0,true
n5000_test30.csv,3.1840167E7,true
n100_test311.csv,10750.0,false
n100_test305.csv,10625.0,false
n5000_test24.csv,3.1858334E7,false
n50_test237.csv,2208.0,true
n100_test463.csv,10834.0,false
n5000_test18.csv,3.0404542E7,false
n1000_test398.csv,1316083.0,false
n100_test339.csv,10750.0,false
n100_test467.csv,10708.0,false
n50_test233.csv,2292.0,false
n5000_test20.csv,3.1877875E7,false
n100_test301.csv,10792.0,false
n100_test315.csv,10709.0,true
n5000_test34.csv,3.2647583E7,false
n50_test227.csv,2167.0,false
n100_test473.csv,10667.0,false
n100_test329.csv,10708.0,true
n1000_test388.csv,1653625.0,true
n1000_test405.csv,1511583.0,false
n1000_test363.csv,1506916.0,false
n5000_test458.csv,3.1245E7,true
n1000_test377.csv,1398083.0,false
n1000_test411.csv,1467917.0,false
n5000_test302.csv,3.3801833E7,true
n100_test498.csv,10792.0,true
n1000_test439.csv,1439666.0,true
n5000_test464.csv,3.1450791E7,false
n10_test213.csv,333.0,false
n10_test207.csv,3667.0,false
n5000_test470.csv,3.6425958E7,false
n5000_test316.csv,4.1964209E7,false
n500_test260.csv,547042.0,false
n100_test103.csv,11375.0,true
n500_test73.csv,456292.0,false
n500_test67.csv,405583.0,false
n500_test274.csv,572042.0,false
n100_test117.csv,11416.0,false
n100_test90.csv,11750.0,false
n500_test248.csv,514792.0,false
n100_test84.csv,11375.0,false
n1000_test161.csv,1528958.0,false
n5000_test128.csv,3.1448958E7,false
n1000_test175.csv,1388708.0,false
n100_test53.csv,10708.0,false
n5000_test100.csv,3.1624042E7,true
n500_test98.csv,412500.0,false
n5000_test114.csv,3.2267708E7,true
n100_test47.csv,10667.0,true
n1000_test149.csv,1704541.0,true
n500_test314.csv,453125.0,false
n1000_test35.csv,1446500.0,false
n50_test40.csv,2166.0,false
n50_test145.csv,4209.0,false
n500_test472.csv,421542.0,false
n500_test466.csv,387750.0,true
n50_test151.csv,2083.0,true
n50_test54.csv,2125.0,true
n1000_test21.csv,1443667.0,true
n500_test300.csv,423292.0,true
n500_test328.csv,389417.0,true
n50_test179.csv,2334.0,false
n50_test68.csv,2250.0,false
n50_test83.csv,2250.0,false
n10_test159.csv,292.0,false
n50_test186.csv,2250.0,true
n5000_test2.csv,3.1797375E7,true
n50_test192.csv,2208.0,false
n50_test97.csv,2167.0,false
n10_test165.csv,417.0,false
n500_test499.csv,357875.0,false
n10_test171.csv,292.0,false
n5000_test289.csv,4.1410375E7,true
n50_test347.csv,2208.0,true
n50_test421.csv,2167.0,false
n10_test398.csv,666.0,false
n100_test275.csv,11125.0,true
n500_test116.csv,395459.0,true
n100_test261.csv,11083.0,false
n500_test102.csv,375333.0,false
n50_test435.csv,2250.0,true
n50_test353.csv,2209.0,false
n100_test249.csv,10750.0,false
n50_test409.csv,2250.0,false
n50_test384.csv,2209.0,true
n1000_test217.csv,1386209.0,true
n1000_test203.csv,1294250.0,false
n10_test17.csv,3500.0,false
n10_test429.csv,250.0,true
n50_test390.csv,2208.0,true
n5000_test276.csv,3.2302417E7,false
n10_test401.csv,291.0,true
n10_test367.csv,166.0,false
n10_test373.csv,166.0,false
n10_test415.csv,292.0,true
n5000_test262.csv,3.149275E7,false
n10_test372.csv,3375.0,false
n5000_test263.csv,3.3058042E7,true
n10_test414.csv,375.0,false
n10_test400.csv,209.0,false
n5000_test277.csv,3.1811167E7,true
n10_test366.csv,333.0,true
n1000_test202.csv,1488583.0,false
n50_test391.csv,2125.0,true
n10_test428.csv,208.0,true
n10_test16.csv,208.0,true
n50_test385.csv,2125.0,false
n1000_test216.csv,1291916.0,false
n50_test408.csv,4459.0,true
n100_test248.csv,11333.0,true
n50_test434.csv,2500.0,true
n500_test103.csv,446875.0,true
n100_test260.csv,10708.0,false
n50_test352.csv,2125.0,false
n50_test346.csv,4250.0,true
n5000_test288.csv,3.1358458E7,false
n500_test117.csv,379833.0,true
n100_test274.csv,11167.0,true
n10_test399.csv,292.0,true
n50_test420.csv,2125.0,false
n500_test498.csv,392541.0,true
n10_test170.csv,1333.0,false
n10_test164.csv,209.0,false
n50_test193.csv,200917.0,false
n50_test96.csv,2250.0,true
n10_test158.csv,250.0,true
n50_test82.csv,2208.0,true
n5000_test3.csv,3.1908209E7,false
n50_test187.csv,2084.0,false
n50_test69.csv,2375.0,false
n500_test329.csv,386375.0,true
n50_test178.csv,2083.0,true
n50_test150.csv,2083.0,true
n500_test467.csv,424916.0,false
n500_test301.csv,372709.0,false
n1000_test20.csv,1318875.0,true
n50_test55.csv,2125.0,true
n50_test41.csv,2125.0,false
n1000_test34.csv,1485375.0,true
n500_test315.csv,476166.0,false
n500_test473.csv,416583.0,false
n50_test144.csv,2084.0,false
n5000_test115.csv,3.006775E7,false
n500_test99.csv,423125.0,false
n1000_test148.csv,1241500.0,false
n100_test46.csv,10666.0,false
n100_test52.csv,10834.0,false
n5000_test101.csv,3.0186583E7,false
n5000_test129.csv,3.1990084E7,false
n1000_test174.csv,1472250.0,true
n1000_test160.csv,1412959.0,false
n100_test85.csv,10875.0,true
n500_test249.csv,434750.0,true
n100_test91.csv,10375.0,false
n500_test66.csv,360417.0,true
n100_test116.csv,10666.0,false
n500_test275.csv,393250.0,false
n100_test102.csv,10458.0,false
n500_test261.csv,459375.0,false
n500_test72.csv,415625.0,false
n5000_test471.csv,3.200325E7,false
n10_test206.csv,250.0,true
n5000_test317.csv,3.2070042E7,true
n1000_test438.csv,1411583.0,true
n100_test499.csv,10666.0,true
n5000_test303.csv,2.9954083E7,true
n10_test212.csv,417.0,true
n5000_test465.csv,3.1517875E7,true
n1000_test376.csv,1434833.0,true
n1000_test410.csv,1489459.0,true
n1000_test404.csv,1501042.0,false
n5000_test459.csv,3.0326542E7,true
n1000_test362.csv,1370833.0,true
n1000_test389.csv,1447125.0,true
n100_test328.csv,12834.0,true
n5000_test35.csv,3.1192625E7,true
n100_test314.csv,10708.0,false
n100_test472.csv,2086667.0,false
n50_test226.csv,2125.0,true
n50_test232.csv,2125.0,true
n100_test466.csv,10417.0,true
n100_test300.csv,10750.0,false
n5000_test21.csv,3.2322458E7,true
n50_test224.csv,2209.0,false
n100_test470.csv,11167.0,true
n100_test316.csv,11042.0,true
n5000_test37.csv,3.2290333E7,false
n5000_test23.csv,3.0920083E7,true
n100_test302.csv,10708.0,true
n5000_test498.csv,3.2565542E7,true
n100_test464.csv,10709.0,true
n50_test230.csv,2125.0,false
n50_test218.csv,2125.0,false
n100_test458.csv,11208.0,false
n5000_test329.csv,2.96055E7,true
n1000_test412.csv,1433917.0,false
n1000_test374.csv,1419500.0,true
n10_test238.csv,209.0,true
n1000_test360.csv,1293542.0,false
n1000_test406.csv,1322792.0,false
n5000_test315.csv,3.0683084E7,true
n1000_test348.csv,1363875.0,true
n10_test204.csv,375.0,true
n5000_test473.csv,3.5711791E7,true
n50_test8.csv,2291.0,true
n5000_test467.csv,3.6351667E7,true
n10_test210.csv,208.0,true
n5000_test301.csv,3.6788625E7,true
n100_test114.csv,10792.0,false
n500_test277.csv,576042.0,true
n500_test64.csv,425542.0,true
n500_test70.csv,399083.0,false
n100_test100.csv,10708.0,true
n500_test263.csv,443250.0,true
n1000_test189.csv,1440416.0,true
n100_test128.csv,10500.0,false
n100_test87.csv,10333.0,false
n500_test58.csv,554875.0,true
n100_test93.csv,10791.0,false
n1000_test176.csv,1579750.0,true
n100_test78.csv,10791.0,true
n1000_test162.csv,1379875.0,false
n100_test44.csv,20792.0,false
n500_test288.csv,401708.0,false
n5000_test117.csv,3.1208417E7,false
n5000_test103.csv,3.0878E7,true
n100_test50.csv,21792.0,true
n50_test57.csv,219417.0,false
n1000_test22.csv,1583750.0,false
n1000_test9.csv,1369542.0,true
n500_test303.csv,429291.0,true
n500_test465.csv,413584.0,true
n50_test152.csv,4458.0,true
n50_test146.csv,2375.0,true
n500_test471.csv,402333.0,false
n10_test199.csv,583.0,false
n500_test317.csv,371750.0,false
n1000_test36.csv,1295250.0,false
n50_test43.csv,2250.0,false
n500_test459.csv,449708.0,true
n50_test94.csv,2375.0,false
n50_test191.csv,2292.0,false
n50_test185.csv,2250.0,false
n5000_test1.csv,3.2410208E7,true
n50_test80.csv,4458.0,false
n10_test172.csv,208.0,true
n10_test166.csv,3000.0,false
n50_test350.csv,2209.0,true
n500_test101.csv,370583.0,false
n100_test262.csv,10708.0,true
n50_test436.csv,2209.0,true
n50_test422.csv,2208.0,false
n500_test115.csv,407667.0,false
n100_test276.csv,11042.0,false
n50_test344.csv,4458.0,false
n500_test129.csv,376958.0,false
n50_test378.csv,2375.0,false
n10_test14.csv,208.0,false
n50_test393.csv,2208.0,true
n1000_test200.csv,1245292.0,false
n10_test358.csv,333.0,true
n1000_test214.csv,1548708.0,true
n50_test387.csv,2292.0,false
n5000_test249.csv,3.1135416E7,false
n10_test28.csv,250.0,false
n10_test416.csv,167.0,true
n5000_test261.csv,3.0985167E7,true
n10_test370.csv,3000.0,false
n10_test364.csv,291.0,true
n100_test289.csv,10667.0,true
n1000_test228.csv,1492791.0,false
n5000_test275.csv,3.1511291E7,false
n10_test402.csv,250.0,true
n1000_test229.csv,1487166.0,true
n100_test288.csv,10375.0,true
n10_test365.csv,417.0,false
n10_test403.csv,541.0,true
n5000_test274.csv,3.5348209E7,false
n5000_test260.csv,3.0476458E7,true
n10_test417.csv,167.0,true
n10_test29.csv,250.0,true
n10_test371.csv,209.0,true
n1000_test215.csv,1366791.0,true
n10_test359.csv,292.0,true
n5000_test248.csv,3.57345E7,true
n50_test386.csv,4417.0,true
n50_test392.csv,2208.0,false
n10_test15.csv,250.0,true
n1000_test201.csv,1634000.0,true
n500_test128.csv,448000.0,false
n50_test379.csv,2250.0,true
n100_test277.csv,11083.0,true
n500_test114.csv,407084.0,false
n50_test423.csv,2208.0,true
n50_test345.csv,2125.0,true
n50_test351.csv,2125.0,false
n50_test437.csv,2125.0,true
n100_test263.csv,10500.0,true
n500_test100.csv,423542.0,true
n10_test167.csv,209.0,false
n10_test173.csv,292.0,true
n50_test184.csv,2125.0,true
n50_test81.csv,201125.0,false
n50_test95.csv,2208.0,true
n50_test190.csv,2334.0,true
n500_test458.csv,425167.0,true
n500_test470.csv,556625.0,false
n50_test147.csv,2250.0,true
n50_test42.csv,2209.0,false
n1000_test37.csv,1351334.0,true
n500_test316.csv,417542.0,false
n10_test198.csv,250.0,false
n500_test302.csv,376708.0,true
n1000_test8.csv,1377500.0,false
n1000_test23.csv,1330208.0,false
n50_test56.csv,2250.0,false
n50_test153.csv,2208.0,false
n500_test464.csv,351916.0,false
n5000_test102.csv,3.1673167E7,false
n100_test51.csv,10709.0,true
n500_test289.csv,445333.0,false
n100_test45.csv,10375.0,true
n5000_test116.csv,3.0959167E7,true
n1000_test163.csv,1247875.0,false
n100_test79.csv,11375.0,false
n1000_test177.csv,1304500.0,false
n100_test92.csv,10833.0,false
n100_test86.csv,13375.0,false
n100_test129.csv,10458.0,false
n1000_test188.csv,1421583.0,true
n500_test59.csv,411167.0,true
n500_test71.csv,402666.0,true
n500_test262.csv,364458.0,false
n100_test101.csv,11084.0,false
n500_test276.csv,386583.0,true
n100_test115.csv,11125.0,true
n500_test65.csv,458833.0,false
n10_test211.csv,333.0,true
n5000_test466.csv,3.4814291E7,false
n5000_test300.csv,3.0523625E7,true
n5000_test314.csv,3.124325E7,true
n50_test9.csv,2167.0,true
n5000_test472.csv,3.8999375E7,false
n10_test205.csv,458.0,true
n1000_test349.csv,1741459.0,false
n1000_test361.csv,1498208.0,false
n1000_test407.csv,1404958.0,true
n1000_test413.csv,1461750.0,false
n5000_test328.csv,4.0939292E7,true
n10_test239.csv,375.0,true
n1000_test375.csv,1274083.0,true
n100_test459.csv,10792.0,false
n50_test219.csv,2125.0,false
n5000_test499.csv,3.2182333E7,false
n100_test303.csv,10708.0,true
n5000_test22.csv,3.0769458E7,false
n50_test231.csv,2209.0,false
n100_test465.csv,10708.0,false
n100_test471.csv,11375.0,false
n50_test225.csv,2209.0,false
n5000_test36.csv,3.2884416E7,true
n100_test317.csv,10709.0,false
n5000_test494.csv,3.1047167E7,false
n100_test468.csv,10750.0,false
n50_test228.csv,2125.0,true
n5000_test480.csv,3.0625833E7,true
n5000_test13.csv,3.0524709E7,true
n100_test332.csv,10791.0,false
n1000_test393.csv,1574834.0,false
n100_test454.csv,11083.0,false
n50_test200.csv,2292.0,true
n50_test214.csv,2292.0,true
n100_test440.csv,11208.0,true
n100_test326.csv,10833.0,true
n1000_test387.csv,1342166.0,false
n10_test220.csv,500.0,true
n5000_test457.csv,3.1120625E7,false
n5000_test331.csv,3.5636708E7,false
n5000_test325.csv,3.122275E7,true
n1000_test378.csv,1447042.0,false
n5000_test443.csv,3.0776333E7,false
n10_test234.csv,250.0,true
n1000_test350.csv,1649750.0,false
n100_test497.csv,11459.0,true
n1000_test436.csv,1656083.0,false
n100_test483.csv,11667.0,false
n5000_test319.csv,3.0636333E7,false
n1000_test422.csv,2833541.0,true
n50_test4.csv,2084.0,false
n1000_test344.csv,1301375.0,true
n10_test208.csv,333.0,true
n100_test118.csv,10708.0,false
n500_test68.csv,843542.0,false
n500_test40.csv,467125.0,true
n1000_test191.csv,1395333.0,true
n100_test130.csv,10666.0,false
n500_test253.csv,363125.0,false
n1000_test185.csv,1282792.0,false
n100_test124.csv,10792.0,true
n500_test247.csv,386250.0,true
n500_test54.csv,393000.0,true
n5000_test133.csv,3.1614083E7,true
n100_test60.csv,10666.0,false
n100_test74.csv,10667.0,true
n5000_test127.csv,3.1476834E7,true
n500_test83.csv,383625.0,true
n500_test2.csv,363334.0,true
n500_test290.csv,447792.0,true
n1000_test152.csv,1414833.0,true
n500_test284.csv,347875.0,true
n1000_test146.csv,1293708.0,true
n100_test48.csv,10667.0,true
n500_test97.csv,351125.0,false
n10_test195.csv,250.0,false
n1000_test5.csv,1292833.0,true
n10_test181.csv,250.0,true
n500_test469.csv,535333.0,true
n50_test176.csv,3750.0,true
n500_test441.csv,403875.0,false
n500_test327.csv,422541.0,false
n50_test73.csv,2292.0,false
n1000_test12.csv,1336375.0,false
n50_test67.csv,2166.0,false
n500_test333.csv,430125.0,true
n500_test455.csv,392167.0,true
n50_test162.csv,2208.0,false
n50_test189.csv,2292.0,false
n10_test156.csv,375.0,true
n50_test98.csv,2208.0,false
n10_test142.csv,209.0,false
n500_test482.csv,422167.0,true
n500_test496.csv,443750.0,true
n10_test397.csv,292.0,true
n500_test119.csv,401792.0,true
n50_test348.csv,2167.0,false
n5000_test286.csv,3.2269959E7,true
n5000_test292.csv,3.0745792E7,false
n10_test383.csv,3417.0,false
n50_test412.csv,2167.0,true
n500_test125.csv,393000.0,false
n100_test246.csv,11125.0,false
n50_test374.csv,4500.0,true
n50_test360.csv,2250.0,false
n500_test131.csv,480333.0,false
n100_test252.csv,11084.0,true
n50_test406.csv,2208.0,false
n10_test354.csv,250.0,true
n1000_test218.csv,1321042.0,false
n10_test432.csv,292.0,true
n5000_test245.csv,3.1602E7,true
n5000_test251.csv,3.2003083E7,false
n10_test426.csv,334.0,true
n10_test18.csv,292.0,true
n10_test340.csv,208.0,false
n100_test285.csv,10666.0,false
n10_test368.csv,333.0,true
n1000_test224.csv,1387542.0,true
n5000_test279.csv,3.10335E7,false
n10_test30.csv,166.0,false
n10_test24.csv,625.0,false
n100_test291.csv,10917.0,true
n1000_test230.csv,1514958.0,true
n10_test25.csv,250.0,false
n1000_test231.csv,1243000.0,false
n100_test290.csv,11708.0,false
n1000_test225.csv,1451417.0,true
n10_test369.csv,3667.0,false
n100_test284.csv,22333.0,false
n10_test31.csv,375.0,false
n5000_test278.csv,3.4015458E7,false
n10_test19.csv,375.0,true
n10_test427.csv,292.0,true
n5000_test250.csv,3.2417417E7,false
n10_test341.csv,250.0,true
n1000_test219.csv,1387875.0,false
n10_test355.csv,667.0,true
n5000_test244.csv,3.014125E7,false
n10_test433.csv,459.0,false
n50_test361.csv,2292.0,true
n50_test407.csv,2375.0,true
n100_test253.csv,11042.0,false
n500_test130.csv,441125.0,false
n100_test247.csv,11167.0,false
n500_test124.csv,455625.0,false
n50_test413.csv,2292.0,false
n50_test375.csv,2333.0,false
n5000_test293.csv,3.2259875E7,true
n10_test382.csv,333.0,true
n500_test118.csv,391250.0,true
n10_test396.csv,292.0,true
n5000_test287.csv,3.1922167E7,false
n50_test349.csv,2333.0,false
n500_test497.csv,402834.0,false
n500_test483.csv,395416.0,true
n10_test143.csv,292.0,true
n50_test99.csv,2417.0,true
n50_test188.csv,4459.0,true
n10_test157.csv,500.0,false
n500_test332.csv,502458.0,true
n50_test66.csv,2250.0,false
n1000_test13.csv,1462083.0,true
n50_test163.csv,2125.0,true
n500_test454.csv,393333.0,true
n500_test440.csv,871083.0,false
n50_test177.csv,2125.0,true
n50_test72.csv,2125.0,false
n500_test326.csv,480875.0,true
n10_test180.csv,250.0,false
n1000_test4.csv,1374709.0,true
n500_test468.csv,578084.0,true
n10_test194.csv,250.0,true
n100_test49.csv,11666.0,true
n1000_test147.csv,1472125.0,true
n500_test285.csv,396958.0,true
n500_test96.csv,383000.0,true
n500_test82.csv,438916.0,true
n1000_test153.csv,1292083.0,false
n500_test291.csv,378875.0,true
n500_test3.csv,436459.0,true
n100_test75.csv,11042.0,true
n5000_test126.csv,3.1465625E7,false
n5000_test132.csv,3.1621083E7,false
n100_test61.csv,10833.0,true
n500_test246.csv,476125.0,true
n100_test125.csv,10750.0,true
n1000_test184.csv,1551291.0,false
n500_test55.csv,412583.0,true
n500_test41.csv,394000.0,true
n500_test252.csv,405000.0,true
n100_test131.csv,11542.0,true
n1000_test190.csv,1469500.0,false
n100_test119.csv,10708.0,true
n500_test69.csv,404916.0,true
n1000_test423.csv,1535167.0,true
n5000_test318.csv,3.694775E7,false
n100_test482.csv,11459.0,false
n10_test209.csv,250.0,false
n1000_test345.csv,1788584.0,false
n50_test5.csv,2250.0,false
n1000_test351.csv,1518958.0,false
n1000_test437.csv,1725000.0,true
n100_test496.csv,11541.0,false
n5000_test324.csv,3.1601667E7,true
n10_test235.csv,250.0,true
n5000_test442.csv,4.5481833E7,false
n1000_test379.csv,2021958.0,false
n5000_test456.csv,3.5289375E7,false
n10_test221.csv,3459.0,false
n5000_test330.csv,3.5405292E7,false
n100_test441.csv,13166.0,true
n50_test215.csv,2708.0,true
n1000_test386.csv,1814917.0,false
n100_test327.csv,12791.0,true
n1000_test392.csv,1744125.0,true
n100_test333.csv,12583.0,true
n5000_test12.csv,3.567675E7,true
n50_test201.csv,2708.0,false
n100_test455.csv,13041.0,true
n50_test229.csv,2667.0,false
n5000_test481.csv,4.5576833E7,true
n5000_test495.csv,3.4289042E7,true
n100_test469.csv,13917.0,true
n5000_test38.csv,3.94665E7,true
n5000_test483.csv,3.3604083E7,false
n100_test319.csv,14833.0,true
n5000_test497.csv,3.614425E7,false
n100_test325.csv,14833.0,false
n1000_test384.csv,1511750.0,true
n50_test217.csv,2792.0,true
n100_test443.csv,13833.0,true
n100_test457.csv,14042.0,true
n50_test203.csv,2750.0,true
n5000_test10.csv,3.8732583E7,true
n100_test331.csv,14875.0,true
n1000_test390.csv,1536209.0,true
n5000_test440.csv,3.649325E7,false
n10_test237.csv,417.0,false
n5000_test326.csv,3.5414458E7,false
n5000_test332.csv,3.6337625E7,false
n1000_test409.csv,1563500.0,true
n10_test223.csv,333.0,true
n5000_test454.csv,6.5927125E7,false
n50_test7.csv,3041.0,true
n1000_test347.csv,2998458.0,false
n100_test480.csv,15250.0,false
n1000_test421.csv,2121458.0,false
n100_test494.csv,15084.0,false
n1000_test435.csv,1595917.0,false
n1000_test353.csv,1719208.0,true
n5000_test468.csv,3.4949916E7,false
n500_test278.csv,516542.0,false
n500_test57.csv,502916.0,true
n100_test88.csv,14834.0,true
n1000_test186.csv,1679333.0,true
n500_test244.csv,906917.0,false
n100_test127.csv,13833.0,true
n1000_test192.csv,1606750.0,false
n500_test250.csv,484125.0,true
n100_test133.csv,13959.0,false
n500_test43.csv,486042.0,false
n5000_test124.csv,3.8563584E7,false
n100_test77.csv,2934666.0,false
n1000_test179.csv,1615958.0,true
n100_test63.csv,13834.0,false
n5000_test130.csv,3.6486542E7,true
n500_test94.csv,473041.0,false
n5000_test118.csv,3.8057041E7,true
n500_test287.csv,497542.0,true
n1000_test145.csv,1775042.0,false
n500_test293.csv,576208.0,false
n500_test1.csv,482292.0,true
n1000_test151.csv,1736166.0,false
n500_test80.csv,447708.0,false
n1000_test6.csv,1666041.0,false
n10_test182.csv,292.0,false
n50_test58.csv,2791.0,false
n1000_test39.csv,1625000.0,false
n10_test196.csv,417.0,true
n500_test318.csv,415125.0,false
n50_test149.csv,2625.0,true
n500_test456.csv,417708.0,false
n50_test161.csv,2792.0,true
n1000_test11.csv,1494084.0,true
n50_test64.csv,2667.0,true
n500_test330.csv,465541.0,false
n500_test324.csv,393333.0,false
n50_test70.csv,2625.0,false
n50_test175.csv,5208.0,false
n500_test442.csv,432167.0,true
n10_test141.csv,250.0,true
n10_test155.csv,3750.0,false
n500_test495.csv,558709.0,false
n10_test169.csv,375.0,false
n500_test481.csv,419500.0,true
n50_test439.csv,5209.0,true
n10_test380.csv,333.0,true
n5000_test291.csv,3.6713209E7,false
n5000_test285.csv,3.5478208E7,false
n100_test279.csv,16709.0,true
n10_test394.csv,333.0,true
n100_test251.csv,18750.0,true
n500_test132.csv,467500.0,false
n50_test405.csv,2792.0,true
n50_test363.csv,2875.0,false
n50_test377.csv,2958.0,false
n50_test411.csv,2750.0,false
n100_test245.csv,13875.0,true
n500_test126.csv,515875.0,false
n10_test343.csv,709.0,false
n5000_test252.csv,4.1856042E7,false
n10_test425.csv,375.0,false
n10_test431.csv,292.0,false
n5000_test246.csv,3.4698209E7,true
n50_test388.csv,3000.0,true
n10_test357.csv,4250.0,false
n100_test292.csv,14791.0,false
n1000_test233.csv,1712250.0,false
n10_test419.csv,417.0,false
n10_test27.csv,333.0,true
n10_test33.csv,334.0,false
n100_test286.csv,14958.0,true
n1000_test227.csv,1833500.0,false
n10_test32.csv,542.0,true
n1000_test226.csv,3121209.0,false
n100_test287.csv,13833.0,true
n1000_test232.csv,1861417.0,false
n100_test293.csv,13833.0,false
n10_test26.csv,333.0,false
n10_test418.csv,4375.0,false
n50_test389.csv,2792.0,false
n5000_test247.csv,3.843475E7,false
n10_test430.csv,541.0,true
n10_test356.csv,417.0,false
n10_test342.csv,292.0,true
n10_test424.csv,4625.0,false
n5000_test253.csv,3.4870125E7,false
n50_test376.csv,2958.0,false
n500_test127.csv,478500.0,true
n100_test244.csv,14833.0,false
n50_test410.csv,3000.0,false
n50_test404.csv,2958.0,false
n500_test133.csv,427958.0,true
n100_test250.csv,14834.0,false
n50_test362.csv,3000.0,false
n5000_test284.csv,4.0497167E7,true
n10_test395.csv,375.0,false
n100_test278.csv,16083.0,false
n10_test381.csv,292.0,false
n50_test438.csv,3208.0,true
n5000_test290.csv,3.6231334E7,false
n10_test168.csv,292.0,false
n500_test480.csv,540459.0,true
n500_test494.csv,580917.0,true
n10_test154.csv,500.0,true
n10_test140.csv,542.0,false
n50_test71.csv,2792.0,false
n500_test325.csv,617250.0,false
n500_test443.csv,519042.0,true
n50_test174.csv,2792.0,true
n50_test160.csv,2916.0,false
n500_test457.csv,469834.0,true
n500_test331.csv,499708.0,false
n50_test65.csv,2875.0,false
n1000_test10.csv,1609542.0,true
n500_test319.csv,503000.0,true
n10_test197.csv,375.0,true
n1000_test38.csv,1594500.0,true
n50_test148.csv,2917.0,false
n50_test59.csv,2584.0,true
n10_test183.csv,333.0,true
n1000_test7.csv,1722042.0,false
n1000_test150.csv,1419875.0,true
n500_test292.csv,420458.0,false
n500_test81.csv,465000.0,false
n5000_test119.csv,3.8417875E7,false
n500_test95.csv,506583.0,true
n1000_test144.csv,1668209.0,false
n500_test286.csv,483708.0,false
n100_test62.csv,13833.0,true
n5000_test131.csv,3.841175E7,false
n5000_test125.csv,3.6089709E7,true
n1000_test178.csv,1605417.0,false
n100_test76.csv,14000.0,true
n100_test132.csv,13959.0,false
n500_test251.csv,494500.0,true
n1000_test193.csv,1611625.0,true
n500_test42.csv,474875.0,false
n500_test56.csv,485208.0,false
n100_test126.csv,13083.0,true
n500_test245.csv,461791.0,false
n1000_test187.csv,1656958.0,true
n100_test89.csv,13042.0,true
n500_test279.csv,425625.0,false
n1000_test434.csv,1502875.0,true
n100_test495.csv,12958.0,true
n5000_test469.csv,3.6091125E7,false
n1000_test352.csv,1750875.0,true
n1000_test346.csv,1641667.0,false
n50_test6.csv,2708.0,false
n1000_test420.csv,1462125.0,false
n100_test481.csv,26125.0,true
n1000_test408.csv,2187791.0,false
n5000_test333.csv,3.4950375E7,false
n5000_test455.csv,3.5318667E7,false
n10_test222.csv,292.0,true
n10_test236.csv,292.0,false
n5000_test441.csv,3.4911167E7,true
n5000_test327.csv,3.3853208E7,false
n50_test202.csv,2709.0,false
n100_test456.csv,14875.0,true
n1000_test391.csv,1859125.0,false
n100_test330.csv,13875.0,true
n5000_test11.csv,3.4636375E7,true
n1000_test385.csv,2031958.0,true
n100_test324.csv,13875.0,true
n100_test442.csv,13917.0,false
n50_test216.csv,2791.0,true
n5000_test496.csv,3.4432833E7,true
n100_test318.csv,14917.0,false
n5000_test482.csv,3.6476292E7,true
n5000_test39.csv,3.6060167E7,true
n50_test212.csv,2833.0,false
n100_test446.csv,13833.0,true
n100_test320.csv,13792.0,true
n1000_test381.csv,1523833.0,false
n5000_test15.csv,3.6610333E7,false
n100_test334.csv,14000.0,true
n1000_test395.csv,1733333.0,true
n100_test452.csv,13959.0,false
n50_test206.csv,2792.0,false
n5000_test486.csv,3.398625E7,true
n100_test308.csv,14958.0,true
n5000_test492.csv,3.4121209E7,false
n5000_test29.csv,3.5035708E7,true
n100_test485.csv,13917.0,true
n1000_test424.csv,2055459.0,true
n50_test2.csv,2791.0,true
n1000_test342.csv,1570792.0,false
n5000_test479.csv,3.3891709E7,false
n1000_test356.csv,2279792.0,false
n100_test491.csv,2687375.0,false
n1000_test430.csv,1695334.0,false
n5000_test323.csv,3.5257834E7,false
n1000_test418.csv,1632416.0,true
n5000_test445.csv,3.716875E7,false
n10_test232.csv,4417.0,false
n10_test226.csv,333.0,false
n5000_test451.csv,3.4955792E7,true
n5000_test337.csv,3.3657334E7,false
n1000_test183.csv,1440625.0,true
n500_test241.csv,441708.0,true
n100_test122.csv,13250.0,true
n500_test52.csv,932208.0,true
n500_test46.csv,546709.0,true
n1000_test197.csv,1469042.0,true
n500_test255.csv,472958.0,false
n100_test136.csv,12375.0,false
n100_test99.csv,12334.0,false
n500_test269.csv,385125.0,true
n500_test282.csv,413666.0,false
n1000_test140.csv,1602792.0,true
n500_test91.csv,445625.0,true
n500_test85.csv,491209.0,true
n5000_test109.csv,3.5350542E7,true
n500_test296.csv,427916.0,true
n500_test4.csv,428125.0,false
n1000_test154.csv,1478708.0,false
n100_test72.csv,13042.0,true
n5000_test121.csv,3.4913708E7,true
n5000_test135.csv,6.4044375E7,false
n1000_test168.csv,2359459.0,false
n100_test66.csv,15000.0,false
n1000_test14.csv,1966041.0,true
n50_test61.csv,3042.0,false
n500_test335.csv,558459.0,false
n500_test453.csv,651000.0,false
n50_test164.csv,2958.0,false
n50_test170.csv,3042.0,true
n500_test447.csv,636125.0,true
n500_test321.csv,822709.0,false
n50_test75.csv,3083.0,false
n1000_test3.csv,2803000.0,false
n10_test187.csv,292.0,true
n500_test309.csv,711750.0,true
n1000_test28.csv,1905459.0,false
n50_test158.csv,2792.0,false
n50_test49.csv,3792.0,false
n10_test193.csv,542.0,true
n10_test178.csv,250.0,false
n500_test490.csv,625875.0,false
n500_test484.csv,838167.0,false
n10_test144.csv,417.0,false
n10_test150.csv,250.0,true
n50_test366.csv,5667.0,false
n100_test254.csv,14292.0,false
n500_test137.csv,732875.0,true
n50_test400.csv,2750.0,false
n50_test414.csv,5917.0,true
n100_test240.csv,13791.0,true
n500_test123.csv,890208.0,false
n50_test372.csv,268000.0,false
n5000_test294.csv,4.3219208E7,false
n10_test385.csv,375.0,false
n100_test268.csv,14916.0,false
n10_test391.csv,458.0,false
n50_test428.csv,286542.0,false
n5000_test280.csv,4.2391625E7,false
n10_test22.csv,292.0,false
n100_test297.csv,14917.0,true
n1000_test236.csv,1795625.0,true
n100_test283.csv,14958.0,true
n1000_test222.csv,2162541.0,false
n10_test36.csv,333.0,true
n10_test408.csv,375.0,true
n50_test399.csv,2791.0,true
n5000_test257.csv,4.7922042E7,false
n10_test420.csv,458.0,false
n10_test346.csv,4708.0,false
n10_test352.csv,291.0,true
n10_test434.csv,625.0,true
n5000_test243.csv,4.2611416E7,false
n10_test353.csv,542.0,true
n5000_test242.csv,4.3173083E7,false
n10_test435.csv,4125.0,false
n10_test421.csv,500.0,false
n5000_test256.csv,3.5576292E7,false
n50_test398.csv,9958.0,true
n10_test347.csv,3583.0,true
n1000_test223.csv,1584916.0,false
n100_test282.csv,14000.0,true
n10_test409.csv,334.0,false
n10_test37.csv,3292.0,false
n10_test23.csv,292.0,true
n1000_test237.csv,1610333.0,true
n100_test296.csv,16291.0,true
n50_test429.csv,2583.0,true
n10_test390.csv,292.0,true
n5000_test281.csv,3.5498083E7,true
n5000_test295.csv,3.9833958E7,true
n100_test269.csv,14833.0,false
n10_test384.csv,625.0,true
n500_test122.csv,481292.0,false
n100_test241.csv,13791.0,true
n50_test415.csv,2834.0,false
n50_test373.csv,2750.0,false
n50_test367.csv,2791.0,true
n50_test401.csv,2875.0,true
n500_test136.csv,472458.0,true
n100_test255.csv,13959.0,true
n10_test151.csv,250.0,false
n10_test145.csv,3959.0,false
n500_test485.csv,520792.0,true
n10_test179.csv,4042.0,false
n500_test491.csv,537000.0,true
n10_test192.csv,375.0,false
n50_test48.csv,3042.0,false
n1000_test29.csv,1994250.0,true
n500_test308.csv,455083.0,true
n10_test186.csv,375.0,false
n1000_test2.csv,1985750.0,true
n50_test159.csv,2791.0,true
n500_test446.csv,511042.0,true
n50_test171.csv,2666.0,true
n50_test74.csv,2792.0,true
n500_test320.csv,565416.0,false
n500_test334.csv,993542.0,true
n50_test60.csv,2708.0,false
n1000_test15.csv,1662959.0,false
n50_test165.csv,2667.0,false
n500_test452.csv,453458.0,true
n5000_test134.csv,3.5751958E7,true
n100_test67.csv,14833.0,true
n1000_test169.csv,1857042.0,false
n100_test73.csv,14000.0,false
n5000_test120.csv,4.8210292E7,true
n5000_test108.csv,3.5502833E7,false
n500_test84.csv,482875.0,true
n1000_test155.csv,1510083.0,false
n500_test5.csv,489792.0,true
n500_test297.csv,537250.0,true
n1000_test141.csv,1442250.0,false
n500_test283.csv,462000.0,true
n500_test90.csv,631958.0,true
n500_test268.csv,582167.0,true
n500_test47.csv,458166.0,true
n100_test98.csv,13833.0,false
n100_test137.csv,13834.0,true
n500_test254.csv,461166.0,false
n1000_test196.csv,1609250.0,false
n100_test123.csv,13083.0,false
n500_test240.csv,467917.0,true
n1000_test182.csv,1509042.0,true
n500_test53.csv,521166.0,false
n5000_test450.csv,4.1588792E7,true
n10_test227.csv,459.0,false
n5000_test336.csv,5.1683042E7,true
n1000_test419.csv,1962584.0,false
n5000_test322.csv,4.5475125E7,true
n10_test233.csv,4625.0,false
n5000_test444.csv,3.7528625E7,false
n1000_test357.csv,1554916.0,false
n1000_test431.csv,1586959.0,true
n100_test490.csv,13916.0,false
n1000_test425.csv,1629292.0,true
n100_test484.csv,13916.0,false
n5000_test478.csv,3.8133125E7,false
n1000_test343.csv,1515958.0,true
n50_test3.csv,3167.0,true
n5000_test28.csv,3.7915417E7,true
n5000_test493.csv,3.7961791E7,true
n100_test309.csv,14958.0,true
n5000_test487.csv,3.7781791E7,false
n1000_test394.csv,1647083.0,false
n100_test335.csv,14834.0,true
n5000_test14.csv,3.8530709E7,true
n50_test207.csv,3125.0,true
n100_test453.csv,16209.0,false
n100_test447.csv,16209.0,false
n50_test213.csv,3209.0,false
n1000_test380.csv,1746667.0,true
n100_test321.csv,14875.0,false
n100_test451.csv,15125.0,true
n50_test205.csv,3042.0,true
n5000_test16.csv,3.7969459E7,true
n100_test337.csv,16250.0,true
n1000_test396.csv,2328541.0,false
n100_test323.csv,16209.0,true
n1000_test382.csv,2025208.0,true
n50_test211.csv,3125.0,true
n100_test445.csv,14834.0,true
n50_test239.csv,2958.0,true
n5000_test491.csv,4.2949167E7,true
n5000_test485.csv,4.4334666E7,false
n100_test479.csv,18041.0,true
n5000_test308.csv,3.8658875E7,true
n100_test492.csv,18125.0,false
n1000_test433.csv,2316709.0,true
n1000_test355.csv,1868875.0,true
n10_test219.csv,375.0,true
n50_test1.csv,3292.0,false
n1000_test341.csv,1816125.0,false
n100_test486.csv,29416.0,false
n1000_test427.csv,1900625.0,false
n5000_test334.csv,1.06867166E8,true
n1000_test369.csv,2259500.0,true
n10_test225.csv,667.0,true
n5000_test452.csv,4.4921083E7,false
n5000_test446.csv,4.8080833E7,true
n10_test231.csv,958.0,true
n5000_test320.csv,3.7650708E7,false
n1000_test194.csv,1866792.0,true
n100_test135.csv,16208.0,true
n500_test256.csv,547417.0,true
n500_test45.csv,513459.0,false
n500_test51.csv,569125.0,true
n1000_test180.csv,1763833.0,true
n100_test121.csv,16459.0,false
n500_test242.csv,554500.0,false
n100_test109.csv,14917.0,false
n500_test79.csv,519792.0,false
n100_test59.csv,14834.0,false
n500_test7.csv,496083.0,true
n500_test295.csv,494625.0,true
n1000_test157.csv,1625000.0,true
n500_test86.csv,488334.0,false
n500_test92.csv,474625.0,true
n500_test281.csv,474000.0,true
n1000_test143.csv,1934875.0,true
n100_test65.csv,14041.0,false
n5000_test136.csv,3.6259417E7,false
n5000_test122.csv,4.9592958E7,false
n100_test71.csv,19042.0,true
n500_test322.csv,1262000.0,false
n50_test76.csv,3667.0,true
n50_test173.csv,3958.0,true
n500_test444.csv,555958.0,false
n500_test450.csv,514000.0,false
n50_test167.csv,3542.0,true
n1000_test17.csv,1744416.0,true
n50_test62.csv,3291.0,true
n500_test336.csv,616875.0,false
n10_test190.csv,541.0,true
n500_test478.csv,483834.0,false
n10_test184.csv,416.0,false
n500_test487.csv,564416.0,true
n500_test493.csv,523000.0,false
n10_test153.csv,500.0,true
n50_test89.csv,310708.0,false
n5000_test8.csv,3.8341792E7,false
n50_test198.csv,3208.0,false
n10_test147.csv,375.0,true
n50_test371.csv,3334.0,false
n50_test417.csv,3208.0,true
n500_test120.csv,465334.0,false
n100_test243.csv,16083.0,false
n500_test134.csv,523542.0,true
n100_test257.csv,16042.0,true
n50_test403.csv,3375.0,true
n50_test365.csv,3209.0,false
n5000_test283.csv,4.118675E7,false
n10_test392.csv,667.0,true
n10_test386.csv,333.0,false
n500_test108.csv,503875.0,false
n5000_test297.csv,3.6977458E7,true
n50_test359.csv,3209.0,true
n10_test35.csv,4750.0,false
n100_test280.csv,16042.0,false
n1000_test221.csv,1957125.0,false
n10_test379.csv,375.0,true
n100_test294.csv,16041.0,true
n1000_test235.csv,2758584.0,false
n10_test21.csv,4750.0,false
n5000_test268.csv,3.514575E7,false
n10_test437.csv,416.0,false
n5000_test240.csv,3.9238791E7,false
n10_test351.csv,375.0,false
n10_test345.csv,458.0,false
n1000_test209.csv,1617458.0,false
n5000_test254.csv,3.8644166E7,false
n10_test423.csv,458.0,true
n1000_test208.csv,1775208.0,true
n10_test344.csv,334.0,false
n10_test422.csv,417.0,true
n5000_test255.csv,3.67105E7,true
n5000_test241.csv,3.7953708E7,true
n10_test436.csv,625.0,false
n10_test350.csv,375.0,true
n1000_test234.csv,1751292.0,false
n100_test295.csv,16208.0,false
n10_test378.csv,292.0,false
n5000_test269.csv,3.9055625E7,true
n10_test20.csv,667.0,true
n10_test34.csv,375.0,true
n1000_test220.csv,1563792.0,true
n100_test281.csv,16166.0,false
n500_test109.csv,483292.0,true
n10_test387.csv,375.0,false
n50_test358.csv,3250.0,false
n5000_test296.csv,4.6880333E7,false
n5000_test282.csv,4.1695167E7,true
n10_test393.csv,584.0,false
n50_test402.csv,3792.0,true
n100_test256.csv,18083.0,true
n500_test135.csv,495333.0,true
n50_test364.csv,3334.0,false
n50_test370.csv,3292.0,true
n100_test242.csv,16000.0,false
n500_test121.csv,544834.0,true
n50_test416.csv,3167.0,false
n50_test199.csv,5000.0,true
n10_test146.csv,583.0,false
n50_test88.csv,3250.0,false
n10_test152.csv,500.0,true
n5000_test9.csv,3.6173667E7,true
n500_test492.csv,508625.0,false
n500_test486.csv,476709.0,true
n10_test185.csv,750.0,false
n1000_test1.csv,2069625.0,false
n10_test191.csv,4750.0,false
n500_test479.csv,516458.0,false
n50_test166.csv,3292.0,false
n500_test451.csv,514042.0,true
n500_test337.csv,548125.0,false
n50_test63.csv,3250.0,false
n1000_test16.csv,1984750.0,true
n50_test77.csv,2959.0,false
n500_test323.csv,474583.0,true
n500_test445.csv,950416.0,true
n50_test172.csv,3000.0,true
n5000_test123.csv,3.895775E7,false
n100_test70.csv,18125.0,false
n100_test64.csv,18083.0,false
n5000_test137.csv,4.547275E7,false
n500_test93.csv,497334.0,true
n1000_test142.csv,1732125.0,true
n500_test280.csv,497084.0,true
n1000_test156.csv,1659083.0,false
n500_test294.csv,513458.0,false
n500_test6.csv,509083.0,false
n100_test58.csv,16125.0,false
n500_test87.csv,489625.0,false
n100_test108.csv,29542.0,true
n500_test78.csv,484500.0,true
n500_test50.csv,480042.0,false
n500_test243.csv,446000.0,false
n100_test120.csv,29625.0,true
n1000_test181.csv,1575667.0,false
n500_test257.csv,449667.0,false
n100_test134.csv,14750.0,false
n1000_test195.csv,1743416.0,true
n500_test44.csv,536375.0,true
n10_test230.csv,417.0,true
n5000_test447.csv,3.6613667E7,false
n5000_test321.csv,4.12635E7,false
n5000_test335.csv,3.9136125E7,true
n5000_test453.csv,3.6525333E7,true
n10_test224.csv,542.0,false
n1000_test368.csv,1647375.0,true
n1000_test340.csv,1705291.0,true
n1000_test426.csv,1655625.0,true
n100_test487.csv,14791.0,false
n1000_test432.csv,1603250.0,false
n100_test493.csv,29583.0,true
n5000_test309.csv,3.6280667E7,false
n10_test218.csv,750.0,true
n1000_test354.csv,1543500.0,true
n5000_test484.csv,4.6909583E7,true
n100_test478.csv,18333.0,true
n50_test238.csv,7208.0,true
n5000_test490.csv,3.7540084E7,true
n1000_test383.csv,1819917.0,false
n100_test322.csv,16042.0,false
n100_test444.csv,16250.0,false
n50_test210.csv,3209.0,true
n50_test204.csv,3291.0,false
n100_test450.csv,16083.0,true
n1000_test397.csv,1615542.0,false
n100_test336.csv,16042.0,true
n5000_test17.csv,3.4461667E7,true
n5000_test391.csv,3.7264334E7,true
n10_test280.csv,375.0,false
n10_test294.csv,458.0,true
n100_test379.csv,18708.0,false
n5000_test58.csv,4.1245292E7,true
n5000_test385.csv,3.7817458E7,true
n50_test263.csv,3625.0,false
n1000_test496.csv,3756708.0,false
n100_test437.csv,16083.0,true
n100_test351.csv,16125.0,true
n5000_test70.csv,4.5791708E7,false
n5000_test64.csv,4.8495292E7,false
n100_test345.csv,21042.0,false
n1000_test482.csv,1963667.0,false
n100_test423.csv,18292.0,false
n50_test277.csv,3708.0,true
n5000_test352.csv,3.82835E7,true
n1000_test469.csv,2508042.0,true
n5000_test434.csv,3.9461042E7,true
n10_test243.csv,542.0,false
n10_test257.csv,333.0,false
n5000_test420.csv,4.526575E7,true
n5000_test346.csv,4.3789208E7,false
n50_test288.csv,3667.0,false
n1000_test455.csv,1736291.0,false
n1000_test333.csv,2184250.0,false
n100_test392.csv,16250.0,true
n5000_test408.csv,3.9985458E7,false
n1000_test327.csv,1628833.0,true
n100_test386.csv,16166.0,true
n1000_test441.csv,1589375.0,false
n5000_test193.csv,3.8786667E7,false
n5000_test187.csv,3.9271917E7,false
n500_test218.csv,589375.0,true
n500_test230.csv,575917.0,true
n100_test153.csv,16333.0,false
n500_test23.csv,548416.0,true
n500_test37.csv,575583.0,false
n500_test224.csv,646167.0,true
n100_test147.csv,16000.0,false
n5000_test150.csv,3.8478417E7,true
n5000_test144.csv,4.3381459E7,false
n1000_test119.csv,3469417.0,false
n100_test17.csv,14875.0,false
n100_test190.csv,14916.0,false
n1000_test131.csv,1595500.0,true
n5000_test178.csv,4.1814291E7,true
n100_test184.csv,18250.0,false
n1000_test125.csv,1693041.0,true
n500_test378.csv,540000.0,false
n1000_test59.csv,1527375.0,true
n50_test129.csv,3208.0,false
n50_test38.csv,6417.0,false
n1000_test65.csv,1709208.0,false
n50_test10.csv,2917.0,false
n500_test344.csv,517042.0,true
n500_test422.csv,520541.0,true
n50_test115.csv,2958.0,false
n50_test101.csv,3041.0,true
n500_test436.csv,589416.0,false
n500_test350.csv,485583.0,false
n1000_test71.csv,1693166.0,false
n10_test135.csv,416.0,true
n10_test121.csv,583.0,true
n500_test387.csv,467042.0,false
n10_test109.csv,375.0,true
n500_test393.csv,947583.0,false
n10_test492.csv,417.0,true
n100_test219.csv,14833.0,false
n50_test459.csv,2958.0,false
n10_test486.csv,375.0,false
n50_test317.csv,5875.0,true
n10_test90.csv,667.0,true
n1000_test284.csv,1607333.0,false
n100_test225.csv,13875.0,true
n500_test146.csv,481833.0,true
n50_test471.csv,2791.0,false
n50_test465.csv,2791.0,false
n1000_test290.csv,1561917.0,false
n100_test231.csv,13833.0,true
n500_test152.csv,506292.0,true
n10_test84.csv,3917.0,false
n50_test303.csv,5541.0,false
n5000_test226.csv,3.7696416E7,true
n10_test451.csv,708.0,false
n10_test337.csv,375.0,false
n10_test323.csv,334.0,false
n10_test445.csv,583.0,false
n5000_test232.csv,3.8859625E7,true
n10_test53.csv,375.0,true
n500_test185.csv,508166.0,false
n1000_test247.csv,1695459.0,false
n500_test191.csv,568917.0,false
n1000_test253.csv,2026083.0,false
n10_test479.csv,375.0,false
n10_test47.csv,1250.0,true
n1000_test252.csv,1747709.0,false
n500_test190.csv,489708.0,false
n10_test46.csv,375.0,true
n10_test478.csv,375.0,true
n10_test52.csv,500.0,true
n1000_test246.csv,1551000.0,true
n500_test184.csv,489625.0,true
n10_test322.csv,333.0,false
n5000_test233.csv,3.8332416E7,false
n10_test444.csv,750.0,true
n10_test450.csv,5500.0,false
n5000_test227.csv,3.9576042E7,true
n10_test336.csv,500.0,true
n500_test153.csv,516583.0,false
n100_test230.csv,16166.0,false
n1000_test291.csv,1665125.0,false
n50_test464.csv,3291.0,true
n50_test302.csv,3167.0,true
n10_test85.csv,4875.0,false
n10_test91.csv,375.0,true
n50_test316.csv,3209.0,true
n50_test470.csv,3167.0,true
n500_test147.csv,521042.0,true
n100_test224.csv,16167.0,true
n1000_test285.csv,1539833.0,true
n50_test458.csv,3041.0,false
n10_test487.csv,291.0,false
n10_test493.csv,333.0,true
n100_test218.csv,14792.0,true
n500_test392.csv,521208.0,false
n10_test108.csv,458.0,true
n500_test386.csv,447083.0,false
n10_test120.csv,375.0,false
n10_test134.csv,375.0,true
n500_test437.csv,631459.0,true
n50_test100.csv,2916.0,false
n1000_test70.csv,1607958.0,false
n500_test351.csv,495541.0,false
n500_test345.csv,483375.0,false
n50_test11.csv,2750.0,true
n1000_test64.csv,1668125.0,true
n50_test114.csv,5625.0,false
n500_test423.csv,493166.0,true
n50_test39.csv,2834.0,true
n1000_test58.csv,2432667.0,false
n500_test379.csv,507750.0,true
n50_test128.csv,2958.0,true
n5000_test179.csv,4.3927042E7,true
n1000_test124.csv,1782042.0,false
n100_test185.csv,16416.0,true
n1000_test130.csv,1654167.0,false
n100_test191.csv,15291.0,false
n5000_test145.csv,8.5771792E7,false
n100_test16.csv,20875.0,false
n1000_test118.csv,1977792.0,false
n5000_test151.csv,4.04365E7,true
n500_test36.csv,493792.0,false
n100_test146.csv,16208.0,false
n500_test225.csv,496541.0,true
n100_test152.csv,16125.0,false
n500_test231.csv,584500.0,true
n500_test22.csv,498709.0,true
n5000_test186.csv,3.8043875E7,true
n500_test219.csv,476792.0,false
n5000_test192.csv,4.5856834E7,true
n100_test387.csv,18625.0,true
n1000_test326.csv,1520750.0,false
n1000_test440.csv,1715500.0,true
n1000_test454.csv,1672542.0,true
n5000_test409.csv,3.7309333E7,true
n100_test393.csv,3184709.0,false
n1000_test332.csv,1790125.0,true
n5000_test421.csv,3.8211583E7,true
n10_test256.csv,792.0,false
n50_test289.csv,6458.0,true
n5000_test347.csv,4.5564417E7,true
n1000_test468.csv,1848917.0,false
n5000_test353.csv,3.481875E7,true
n10_test242.csv,292.0,true
n5000_test435.csv,3.8323792E7,false
n100_test344.csv,16333.0,false
n5000_test65.csv,3.6113625E7,false
n50_test276.csv,3416.0,true
n100_test422.csv,16084.0,true
n1000_test483.csv,1796084.0,true
n100_test436.csv,16375.0,true
n1000_test497.csv,1688917.0,false
n50_test262.csv,3042.0,false
n5000_test71.csv,4.0071708E7,false
n100_test350.csv,16333.0,false
n5000_test59.csv,3.8690958E7,false
n100_test378.csv,16083.0,true
n10_test295.csv,375.0,false
n5000_test384.csv,4.000025E7,false
n5000_test390.csv,3.6757333E7,true
n10_test281.csv,417.0,false
n100_test9.csv,32125.0,false
n50_test248.csv,3292.0,true
n5000_test386.csv,3.8727708E7,true
n10_test297.csv,333.0,true
n10_test283.csv,292.0,true
n5000_test392.csv,3.7929E7,false
n100_test408.csv,16333.0,true
n1000_test481.csv,1967250.0,true
n100_test420.csv,16125.0,false
n50_test274.csv,3208.0,false
n5000_test67.csv,3.8689417E7,false
n100_test346.csv,16167.0,false
n100_test352.csv,16083.0,false
n5000_test73.csv,3.8122875E7,false
n50_test260.csv,3166.0,true
n1000_test495.csv,1791000.0,true
n100_test434.csv,16167.0,false
n5000_test345.csv,3.6374833E7,true
n5000_test98.csv,3.6835208E7,true
n1000_test318.csv,1713375.0,false
n10_test254.csv,708.0,true
n5000_test423.csv,3.8195333E7,true
n5000_test437.csv,3.6741875E7,false
n10_test240.csv,334.0,true
n5000_test351.csv,3.6408583E7,true
n5000_test379.csv,3.61335E7,true
n1000_test442.csv,1512541.0,true
n1000_test324.csv,1492750.0,true
n10_test268.csv,417.0,false
n100_test385.csv,13833.0,true
n1000_test330.csv,2121375.0,false
n100_test391.csv,14000.0,true
n1000_test456.csv,1505875.0,true
n100_test178.csv,13792.0,true
n5000_test184.csv,3.741425E7,true
n5000_test190.csv,3.8892042E7,false
n100_test144.csv,16542.0,false
n500_test227.csv,583292.0,true
n500_test34.csv,492417.0,true
n500_test20.csv,597125.0,true
n100_test150.csv,16500.0,false
n500_test233.csv,468084.0,true
n100_test14.csv,15166.0,false
n5000_test147.csv,4.1003583E7,false
n5000_test153.csv,4.2430167E7,true
n100_test28.csv,16417.0,true
n100_test187.csv,16333.0,true
n1000_test126.csv,1931334.0,false
n100_test193.csv,16083.0,true
n1000_test132.csv,2162125.0,true
n500_test409.csv,624542.0,true
n500_test353.csv,513459.0,false
n1000_test72.csv,2475500.0,true
n50_test102.csv,3000.0,false
n500_test435.csv,637834.0,true
n500_test421.csv,818875.0,false
n50_test116.csv,3250.0,true
n1000_test66.csv,1553791.0,true
n50_test13.csv,3250.0,true
n500_test347.csv,465209.0,false
n10_test122.csv,417.0,false
n1000_test99.csv,1602292.0,false
n10_test136.csv,375.0,true
n500_test390.csv,512625.0,false
n500_test384.csv,452667.0,false
n10_test485.csv,459.0,true
n500_test179.csv,526000.0,true
n10_test491.csv,458.0,true
n50_test328.csv,2958.0,false
n10_test87.csv,375.0,false
n50_test300.csv,2958.0,true
n50_test466.csv,2875.0,true
n1000_test293.csv,1920208.0,true
n500_test151.csv,479375.0,true
n100_test232.csv,13791.0,false
n1000_test287.csv,1483083.0,true
n500_test145.csv,446917.0,false
n100_test226.csv,27625.0,true
n50_test472.csv,2833.0,true
n50_test314.csv,2708.0,false
n10_test93.csv,333.0,false
n10_test446.csv,375.0,true
n5000_test231.csv,5.438575E7,false
n10_test78.csv,792.0,true
n50_test499.csv,3417.0,true
n10_test320.csv,375.0,false
n10_test334.csv,292.0,false
n1000_test278.csv,1934167.0,false
n5000_test225.csv,3.6599583E7,true
n10_test452.csv,584.0,false
n10_test44.csv,4542.0,false
n500_test192.csv,505333.0,true
n1000_test250.csv,1699583.0,false
n500_test186.csv,474542.0,true
n10_test308.csv,416.0,false
n1000_test244.csv,1601166.0,true
n5000_test219.csv,4.279725E7,true
n10_test50.csv,458.0,true
n1000_test245.csv,2481917.0,false
n10_test309.csv,500.0,true
n500_test187.csv,718750.0,true
n10_test51.csv,375.0,false
n5000_test218.csv,3.7314209E7,true
n10_test45.csv,667.0,true
n1000_test251.csv,2177833.0,false
n500_test193.csv,676750.0,false
n1000_test279.csv,1792791.0,true
n10_test335.csv,334.0,false
n10_test453.csv,666.0,false
n5000_test224.csv,3.5908833E7,true
n10_test79.csv,334.0,false
n5000_test230.csv,3.8893291E7,false
n10_test447.csv,375.0,false
n10_test321.csv,4667.0,false
n50_test498.csv,3334.0,false
n50_test473.csv,3209.0,true
n100_test227.csv,16083.0,true
n500_test144.csv,577667.0,true
n1000_test286.csv,1694167.0,true
n10_test92.csv,291.0,false
n50_test315.csv,2958.0,true
n50_test301.csv,2916.0,true
n10_test86.csv,334.0,false
n100_test233.csv,16917.0,false
n500_test150.csv,495292.0,false
n1000_test292.csv,1753875.0,false
n50_test467.csv,3042.0,false
n500_test178.csv,491292.0,true
n50_test329.csv,2959.0,true
n10_test490.csv,417.0,true
n10_test484.csv,292.0,true
n500_test385.csv,467208.0,false
n500_test391.csv,503417.0,true
n10_test137.csv,375.0,true
n1000_test98.csv,1697833.0,true
n10_test123.csv,334.0,true
n50_test117.csv,2792.0,false
n500_test420.csv,479542.0,true
n500_test346.csv,437667.0,false
n50_test12.csv,5542.0,true
n1000_test67.csv,1666750.0,false
n1000_test73.csv,1739833.0,true
n500_test352.csv,531625.0,false
n500_test434.csv,509792.0,true
n50_test103.csv,2750.0,false
n500_test408.csv,529583.0,true
n1000_test133.csv,1772125.0,true
n100_test192.csv,13875.0,true
n1000_test127.csv,1827000.0,false
n100_test186.csv,14000.0,true
n100_test29.csv,13833.0,false
n5000_test152.csv,3.6093042E7,false
n100_test15.csv,16083.0,true
n5000_test146.csv,3.820225E7,false
n500_test21.csv,510833.0,true
n500_test232.csv,610000.0,true
n100_test151.csv,16125.0,false
n500_test226.csv,566709.0,false
n100_test145.csv,16083.0,false
n500_test35.csv,462791.0,true
n5000_test191.csv,3.9188208E7,false
n100_test179.csv,16125.0,false
n5000_test185.csv,4.2643084E7,false
n100_test390.csv,16208.0,false
n1000_test331.csv,2123875.0,true
n1000_test457.csv,1685333.0,true
n1000_test443.csv,1745875.0,true
n5000_test378.csv,3.6393875E7,false
n100_test384.csv,16083.0,true
n10_test269.csv,709.0,false
n1000_test325.csv,1862333.0,false
n10_test241.csv,4959.0,false
n5000_test436.csv,3.5507E7,true
n5000_test350.csv,4.9787875E7,true
n5000_test344.csv,3.6349042E7,true
n5000_test422.csv,3.5852667E7,true
n10_test255.csv,334.0,false
n1000_test319.csv,1599083.0,true
n5000_test99.csv,4.1835459E7,false
n5000_test72.csv,3.942625E7,true
n100_test353.csv,16084.0,true
n100_test435.csv,16208.0,false
n1000_test494.csv,2101458.0,false
n50_test261.csv,3250.0,false
n50_test275.csv,3292.0,true
n100_test421.csv,16125.0,false
n1000_test480.csv,1502083.0,false
n100_test347.csv,14959.0,false
n5000_test66.csv,4.0611E7,false
n10_test282.csv,375.0,false
n100_test409.csv,16292.0,true
n5000_test393.csv,4.0633125E7,true
n5000_test387.csv,4.272975E7,true
n50_test249.csv,6583.0,true
n100_test8.csv,16083.0,true
n10_test296.csv,291.0,true
n5000_test62.csv,3.8887708E7,true
n100_test343.csv,16125.0,true
n1000_test484.csv,1593459.0,false
n100_test425.csv,14750.0,true
n50_test271.csv,2917.0,false
n50_test265.csv,2916.0,true
n1000_test490.csv,1600584.0,false
n100_test431.csv,14833.0,false
n100_test357.csv,14916.0,false
n10_test8.csv,292.0,false
n5000_test76.csv,3.619075E7,false
n10_test292.csv,625.0,false
n100_test419.csv,16083.0,false
n5000_test383.csv,3.6954958E7,true
n5000_test397.csv,3.706575E7,true
n50_test259.csv,3208.0,true
n10_test286.csv,334.0,false
n1000_test321.csv,1590625.0,true
n100_test380.csv,16125.0,false
n1000_test447.csv,1691209.0,true
n5000_test368.csv,3.4589292E7,false
n1000_test453.csv,1602292.0,true
n1000_test335.csv,1541167.0,true
n100_test394.csv,14958.0,true
n10_test279.csv,333.0,true
n10_test251.csv,375.0,false
n5000_test426.csv,3.6310083E7,false
n5000_test340.csv,4.388675E7,false
n5000_test354.csv,3.8387375E7,false
n1000_test309.csv,1706416.0,true
n5000_test432.csv,4.3484959E7,true
n10_test245.csv,500.0,true
n5000_test89.csv,3.4529208E7,false
n500_test31.csv,536500.0,false
n100_test141.csv,16125.0,true
n500_test222.csv,560334.0,false
n100_test155.csv,16084.0,false
n500_test236.csv,544792.0,false
n500_test25.csv,590667.0,true
n5000_test181.csv,3.5524E7,false
n100_test169.csv,18084.0,false
n5000_test195.csv,3.6341042E7,true
n500_test19.csv,574083.0,false
n100_test182.csv,18458.0,true
n1000_test123.csv,1478958.0,true
n100_test196.csv,14875.0,false
n1000_test137.csv,1827375.0,false
n100_test39.csv,14875.0,false
n5000_test142.csv,3.7701166E7,true
n100_test11.csv,16083.0,false
n5000_test156.csv,3.8181583E7,true
n50_test107.csv,3208.0,true
n500_test430.csv,489667.0,false
n500_test356.csv,549250.0,false
n1000_test77.csv,2065708.0,true
n1000_test63.csv,1874333.0,true
n50_test16.csv,2959.0,false
n500_test342.csv,527333.0,true
n500_test424.csv,595458.0,true
n50_test113.csv,3042.0,false
n500_test418.csv,591167.0,false
n500_test395.csv,550583.0,true
n500_test381.csv,494625.0,true
n10_test127.csv,416.0,true
n1000_test88.csv,1551625.0,true
n10_test133.csv,334.0,true
n50_test463.csv,5875.0,false
n1000_test296.csv,1545250.0,true
n500_test154.csv,577000.0,false
n100_test237.csv,14875.0,true
n10_test82.csv,375.0,true
n50_test305.csv,3000.0,true
n50_test311.csv,3125.0,true
n10_test96.csv,417.0,false
n1000_test282.csv,1554792.0,false
n500_test140.csv,483000.0,false
n100_test223.csv,13875.0,true
n50_test477.csv,268208.0,false
n500_test168.csv,514667.0,false
n50_test339.csv,2833.0,true
n10_test480.csv,458.0,false
n10_test494.csv,3792.0,false
n500_test197.csv,497042.0,true
n10_test319.csv,375.0,true
n1000_test255.csv,1537542.0,true
n10_test41.csv,4125.0,false
n5000_test208.csv,3.8437625E7,true
n10_test55.csv,375.0,false
n500_test183.csv,552667.0,true
n1000_test241.csv,1516458.0,false
n10_test325.csv,458.0,false
n1000_test269.csv,1827625.0,true
n10_test443.csv,291.0,false
n5000_test234.csv,3.6328542E7,true
n10_test69.csv,292.0,true
n5000_test220.csv,4.0283167E7,false
n10_test457.csv,750.0,true
n10_test331.csv,375.0,true
n50_test488.csv,3334.0,false
n10_test456.csv,459.0,true
n5000_test221.csv,4.0241708E7,true
n10_test68.csv,333.0,false
n50_test489.csv,3583.0,false
n10_test330.csv,333.0,true
n1000_test268.csv,1691542.0,true
n10_test324.csv,375.0,false
n5000_test235.csv,3.7759833E7,true
n10_test442.csv,500.0,true
n10_test54.csv,417.0,true
n1000_test240.csv,1624333.0,false
n500_test182.csv,529792.0,true
n1000_test254.csv,1745416.0,false
n10_test318.csv,375.0,false
n500_test196.csv,513917.0,true
n5000_test209.csv,3.7907958E7,false
n10_test40.csv,292.0,true
n10_test495.csv,333.0,true
n500_test169.csv,510500.0,false
n10_test481.csv,417.0,true
n50_test338.csv,3333.0,false
n10_test97.csv,458.0,true
n50_test310.csv,3167.0,false
n50_test476.csv,3250.0,true
n100_test222.csv,16167.0,true
n500_test141.csv,503875.0,true
n1000_test283.csv,1638250.0,true
n100_test236.csv,14833.0,true
n500_test155.csv,554417.0,false
n1000_test297.csv,1583125.0,false
n50_test462.csv,3125.0,true
n50_test304.csv,2958.0,false
n10_test83.csv,334.0,true
n10_test132.csv,292.0,false
n1000_test89.csv,1809542.0,true
n10_test126.csv,375.0,false
n500_test380.csv,521291.0,true
n500_test394.csv,557542.0,false
n500_test419.csv,464792.0,true
n500_test343.csv,449458.0,true
n50_test17.csv,2791.0,true
n1000_test62.csv,2409666.0,false
n50_test112.csv,2750.0,false
n500_test425.csv,466458.0,false
n500_test431.csv,529584.0,false
n50_test106.csv,2959.0,false
n1000_test76.csv,1474500.0,false
n500_test357.csv,435833.0,true
n5000_test157.csv,3.7732583E7,true
n5000_test143.csv,3.7845292E7,true
n100_test10.csv,32083.0,false
n100_test38.csv,32167.0,false
n1000_test136.csv,1735125.0,false
n100_test197.csv,16500.0,true
n1000_test122.csv,1536500.0,false
n100_test183.csv,14834.0,false
n100_test168.csv,14791.0,true
n500_test18.csv,472333.0,false
n5000_test194.csv,3.7625917E7,false
n5000_test180.csv,3.765075E7,true
n500_test237.csv,507541.0,false
n100_test154.csv,16375.0,false
n500_test24.csv,562209.0,true
n500_test30.csv,528667.0,false
n500_test223.csv,490708.0,false
n100_test140.csv,16083.0,true
n5000_test355.csv,3.6402083E7,false
n5000_test88.csv,3.6608541E7,true
n10_test244.csv,292.0,false
n5000_test433.csv,3.5098292E7,false
n1000_test308.csv,1540167.0,false
n5000_test427.csv,3.7343042E7,true
n10_test250.csv,4583.0,false
n5000_test341.csv,4.256675E7,false
n1000_test452.csv,1956042.0,false
n5000_test369.csv,3.6566208E7,false
n10_test278.csv,458.0,true
n100_test395.csv,16083.0,true
n1000_test334.csv,1570458.0,true
n100_test381.csv,14750.0,false
n1000_test320.csv,1739250.0,true
n1000_test446.csv,1487375.0,false
n50_test258.csv,3000.0,true
n5000_test396.csv,4.3826709E7,false
n10_test287.csv,916.0,true
n10_test293.csv,5750.0,false
n5000_test382.csv,4.2560042E7,false
n100_test418.csv,16041.0,true
n100_test430.csv,16250.0,false
n1000_test491.csv,1878708.0,true
n50_test264.csv,3208.0,false
n5000_test77.csv,3.6387833E7,false
n10_test9.csv,625.0,false
n100_test356.csv,16083.0,true
n100_test342.csv,16292.0,false
n5000_test63.csv,3.5722708E7,true
n50_test270.csv,3292.0,false
n100_test424.csv,16209.0,true
n1000_test485.csv,1597042.0,false
n100_test354.csv,14792.0,false
n50_test500.csv,5666.0,false
n5000_test75.csv,3.7824416E7,true
n50_test266.csv,7208.0,true
n1000_test493.csv,1874000.0,false
n100_test432.csv,16208.0,false
n1000_test487.csv,1823459.0,true
n100_test426.csv,16167.0,true
n50_test272.csv,3333.0,true
n5000_test61.csv,3.8746458E7,false
n100_test340.csv,16167.0,true
n5000_test49.csv,3.8021583E7,true
n100_test368.csv,3238667.0,false
n10_test285.csv,792.0,true
n5000_test394.csv,4.8217833E7,false
n5000_test380.csv,3.56035E7,false
n10_test291.csv,458.0,true
n1000_test336.csv,1582000.0,false
n100_test397.csv,14792.0,true
n1000_test450.csv,1553625.0,true
n1000_test444.csv,1687500.0,false
n1000_test322.csv,1717083.0,false
n5000_test419.csv,3.6350792E7,false
n100_test383.csv,16291.0,true
n5000_test431.csv,3.7197292E7,true
n10_test246.csv,792.0,false
n50_test299.csv,3208.0,false
n5000_test357.csv,3.927925E7,true
n5000_test343.csv,3.6387458E7,true
n1000_test478.csv,1700500.0,true
n10_test252.csv,625.0,true
n5000_test425.csv,3.4870792E7,false
n500_test26.csv,465375.0,false
n500_test235.csv,544500.0,true
n100_test156.csv,16083.0,true
n500_test221.csv,650666.0,true
n100_test142.csv,16166.0,true
n500_test32.csv,605000.0,true
n5000_test196.csv,4.3475125E7,false
n500_test209.csv,519209.0,true
n5000_test182.csv,3.9464458E7,true
n5000_test169.csv,3.478175E7,false
n100_test195.csv,16125.0,true
n1000_test134.csv,2008917.0,false
n100_test181.csv,15125.0,false
n1000_test120.csv,1600459.0,false
n5000_test155.csv,3.905725E7,true
n1000_test108.csv,1720541.0,true
n100_test12.csv,16125.0,true
n5000_test141.csv,3.8160875E7,false
n500_test427.csv,482125.0,false
n50_test110.csv,310500.0,false
n1000_test60.csv,1584041.0,true
n50_test15.csv,6375.0,false
n500_test341.csv,479417.0,false
n500_test355.csv,469833.0,true
n1000_test74.csv,1929000.0,true
n50_test104.csv,3042.0,false
n500_test433.csv,561209.0,false
n50_test29.csv,3042.0,false
n1000_test48.csv,1632750.0,false
n500_test369.csv,449458.0,true
n50_test138.csv,2792.0,false
n500_test382.csv,427041.0,true
n500_test396.csv,441750.0,false
n10_test118.csv,250.0,true
n10_test130.csv,375.0,false
n10_test124.csv,292.0,false
n1000_test281.csv,1653583.0,false
n100_test220.csv,13791.0,true
n500_test143.csv,486250.0,true
n50_test474.csv,2792.0,true
n50_test312.csv,2792.0,false
n10_test95.csv,625.0,true
n10_test81.csv,291.0,true
n50_test306.csv,5542.0,false
n50_test460.csv,2792.0,true
n1000_test295.csv,1522041.0,false
n100_test234.csv,13875.0,false
n500_test157.csv,448084.0,true
n50_test448.csv,2791.0,true
n10_test497.csv,458.0,false
n10_test483.csv,375.0,false
n100_test208.csv,13792.0,true
n500_test180.csv,473875.0,true
n1000_test242.csv,1562000.0,false
n10_test56.csv,542.0,true
n10_test468.csv,291.0,true
n10_test42.csv,250.0,true
n500_test194.csv,461958.0,false
n1000_test256.csv,1469083.0,true
n10_test332.csv,333.0,false
n5000_test223.csv,3.5277333E7,true
n10_test454.csv,4792.0,false
n10_test440.csv,292.0,true
n5000_test237.csv,3.9575459E7,true
n10_test326.csv,375.0,true
n5000_test236.csv,3.6278916E7,false
n10_test441.csv,458.0,false
n10_test327.csv,292.0,true
n10_test333.csv,292.0,false
n10_test455.csv,333.0,true
n5000_test222.csv,4.3387167E7,false
n10_test43.csv,458.0,true
n1000_test257.csv,1621584.0,true
n500_test195.csv,632750.0,true
n1000_test243.csv,1733834.0,true
n500_test181.csv,486625.0,true
n10_test469.csv,417.0,false
n10_test57.csv,375.0,false
n10_test482.csv,375.0,false
n100_test209.csv,14875.0,true
n50_test449.csv,3000.0,true
n10_test496.csv,375.0,true
n50_test307.csv,2958.0,false
n10_test80.csv,334.0,true
n500_test156.csv,558625.0,false
n100_test235.csv,14834.0,false
n1000_test294.csv,2758792.0,false
n50_test461.csv,3084.0,true
n50_test475.csv,3000.0,false
n500_test142.csv,567416.0,false
n100_test221.csv,15417.0,false
n1000_test280.csv,3549958.0,false
n10_test94.csv,334.0,false
n50_test313.csv,2958.0,true
n10_test125.csv,333.0,true
n10_test131.csv,250.0,true
n10_test119.csv,4500.0,false
n500_test397.csv,506333.0,true
n500_test383.csv,449875.0,false
n500_test368.csv,492583.0,false
n1000_test49.csv,1543333.0,false
n50_test139.csv,2750.0,false
n50_test28.csv,2750.0,true
n1000_test75.csv,2034750.0,false
n500_test354.csv,457916.0,true
n500_test432.csv,461167.0,false
n50_test105.csv,2792.0,false
n50_test111.csv,2750.0,false
n500_test426.csv,488041.0,true
n500_test340.csv,469166.0,true
n50_test14.csv,2917.0,true
n1000_test61.csv,1805667.0,false
n100_test13.csv,14000.0,false
n5000_test140.csv,8.7555375E7,true
n5000_test154.csv,3.8909375E7,false
n1000_test109.csv,1693208.0,true
n1000_test121.csv,1685291.0,false
n100_test180.csv,15042.0,true
n5000_test168.csv,3.6749667E7,true
n1000_test135.csv,1943875.0,true
n100_test194.csv,16042.0,true
n5000_test183.csv,3.6650417E7,false
n5000_test197.csv,3.9052292E7,false
n500_test208.csv,515291.0,true
n100_test143.csv,16084.0,false
n500_test220.csv,494250.0,false
n500_test33.csv,633583.0,false
n500_test27.csv,499417.0,true
n100_test157.csv,16166.0,true
n500_test234.csv,487500.0,false
n1000_test479.csv,1676000.0,true
n5000_test342.csv,3.7465584E7,false
n5000_test424.csv,3.7595542E7,false
n10_test253.csv,292.0,false
n10_test247.csv,291.0,false
n5000_test430.csv,3.9102458E7,true
n5000_test356.csv,3.8755958E7,false
n50_test298.csv,3292.0,false
n1000_test445.csv,2022708.0,false
n100_test382.csv,16833.0,true
n5000_test418.csv,3.8320417E7,true
n1000_test323.csv,1917875.0,true
n100_test396.csv,16042.0,false
n1000_test337.csv,1618541.0,false
n1000_test451.csv,1613125.0,false
n5000_test381.csv,3.7855084E7,true
n10_test290.csv,375.0,false
n10_test284.csv,625.0,false
n100_test369.csv,16250.0,false
n5000_test48.csv,4.879825E7,false
n5000_test395.csv,3.8402333E7,false
n50_test273.csv,3292.0,false
n100_test427.csv,16000.0,true
n1000_test486.csv,3271833.0,true
n100_test341.csv,16125.0,true
n5000_test60.csv,4.4985333E7,false
n5000_test74.csv,3.94605E7,true
n100_test355.csv,18167.0,true
n100_test433.csv,18000.0,false
n1000_test492.csv,2289541.0,true
n50_test267.csv,3291.0,true
